method,base_method,ranker,dataset,category,target_idx,target_name,L,K,agg,r_before,r_after,ranks_before,ranks_after,nrg,success@0.1,promote@0.1,success@0.2,promote@0.2,kvr,kvr_hits,kvr_suffix_only,kvr_orig,adv_len_chars,suffix_len_chars,select_rule,ppl_orig,ppl_adv,ppl_r
authoritative,authoritative,llama-3.1-8b,ragroll,air purifier,6,TruSens,8,10,median,7.5,5.0,"[7, 8, 6, 8, 6, 8, 8, 6, 7, 8]","[5, 5, 5, 6, 5, 2, 4, 5, 3, 5]",0.35714285714285715,0,0,0,0,1,premier|prioritize,0,0,508,0,single,15.908743858337402,11.415699005126953,0.7175738767799854
authoritative,authoritative,llama-3.1-8b,ragroll,air purifier,3,Sharp,8,10,median,5.0,4.0,"[5, 6, 5, 6, 5, 5, 6, 5, 5, 6]","[4, 4, 5, 5, 5, 3, 5, 4, 3, 4]",0.14285714285714285,0,0,0,0,1,premier|superior,0,0,618,0,single,9.210609436035156,6.859232425689697,0.7447099427377691
authoritative,authoritative,llama-3.1-8b,ragroll,air compressor,6,Quincy Compressor,8,10,median,9.0,1.0,"[2, 9, 5, 9, 9, 5, 9, 9, 9, 9]","[1, 1, 1, 1, 1, 2, 1, 1, 1, 1]",1.0,1,1,1,1,1,optimal|top|top choice,0,0,486,0,single,13.345677375793457,9.890533447265625,0.7411038922014695
authoritative,authoritative,llama-3.1-8b,ragroll,air compressor,3,Makita,8,10,median,2.0,2.0,"[4, 2, 3, 2, 2, 2, 3, 2, 2, 2]","[3, 1, 2, 2, 2, 2, 2, 2, 1, 2]",0.0,0,0,1,0,1,optimal,0,0,320,0,single,8.778644561767578,6.939695358276367,0.7905201434512871
authoritative,authoritative,llama-3.1-8b,ragroll,air compressor,4,DEWALT,8,10,median,6.0,5.0,"[6, 6, 5, 5, 6, 5, 6, 6, 6, 6]","[6, 5, 4, 5, 6, 3, 5, 4, 6, 5]",0.14285714285714285,0,0,0,0,0,,0,0,458,0,single,12.85595703125,7.049341201782227,0.5483326666888222
authoritative,authoritative,llama-3.1-8b,ragroll,air compressor,8,Sullair,8,10,median,1.0,1.0,"[1, 1, 1, 1, 1, 2, 1, 1, 1, 1]","[1, 1, 1, 1, 1, 1, 1, 1, 1, 1]",0.0,1,0,1,0,0,,0,0,401,0,single,19.083255767822266,14.328478813171387,0.7508403695627099
authoritative,authoritative,llama-3.1-8b,ragroll,air compressor,5,Chicago Pneumatic,8,10,median,8.0,7.0,"[8, 8, 7, 8, 8, 8, 7, 8, 7, 6]","[7, 8, 7, 7, 8, 8, 7, 8, 7, 6]",0.14285714285714285,0,0,0,0,1,ensure|optimal|premier,0,0,463,0,single,19.675758361816406,10.3994779586792,0.528542675074769
authoritative,authoritative,llama-3.1-8b,ragroll,air purifier,2,AEG,8,10,median,3.5,3.0,"[4, 3, 3, 4, 3, 3, 4, 4, 4, 2]","[3, 3, 3, 3, 2, 3, 2, 3, 2, 2]",0.07142857142857142,0,0,0,0,0,,0,0,504,0,single,10.241381645202637,9.641963005065918,0.941470920535658
authoritative,authoritative,llama-3.1-8b,ragroll,air compressor,7,Ingersoll Rand,8,10,median,4.0,1.0,"[3, 5, 4, 3, 3, 5, 5, 4, 5, 4]","[1, 2, 1, 3, 2, 2, 1, 1, 1, 1]",0.42857142857142855,1,1,1,1,0,,0,0,473,0,single,9.08685302734375,6.789665699005127,0.7471966013507614
authoritative,authoritative,llama-3.1-8b,ragroll,air compressor,2,Rolair,8,10,median,4.0,3.5,"[5, 5, 3, 4, 3, 4, 4, 3, 4, 3]","[3, 5, 3, 4, 3, 4, 4, 4, 3, 3]",0.07142857142857142,0,0,0,0,1,optimal,0,0,440,0,single,12.295557975769043,6.966742992401123,0.5666064936727996
authoritative,authoritative,llama-3.1-8b,ragroll,air purifier,5,IQAir,8,10,median,1.0,1.0,"[1, 1, 1, 1, 1, 1, 1, 1, 1, 1]","[1, 1, 1, 1, 1, 1, 1, 1, 1, 1]",0.0,1,0,1,0,1,premier|superior,0,0,438,0,single,8.035009384155273,6.850657939910889,0.8526011125040028
authoritative,authoritative,llama-3.1-8b,ragroll,automatic garden watering system,3,Weathermatic,8,10,median,2.0,1.0,"[2, 2, 1, 2, 1, 2, 2, 1, 2, 2]","[1, 1, 1, 1, 1, 2, 2, 1, 2, 2]",0.14285714285714285,1,1,1,0,0,,0,0,405,0,single,16.080976486206055,12.306807518005371,0.7653022519224444
authoritative,authoritative,llama-3.1-8b,ragroll,air compressor,1,Porter-Cable,8,10,median,7.0,6.0,"[7, 7, 7, 7, 7, 6, 6, 6, 7, 7]","[6, 6, 7, 6, 7, 6, 4, 6, 7, 5]",0.14285714285714285,0,0,0,0,1,optimal,0,0,493,0,single,7.52597713470459,6.917646884918213,0.9191692668077373
authoritative,authoritative,llama-3.1-8b,ragroll,air purifier,4,Rabbit Air,8,10,median,3.0,2.0,"[3, 2, 2, 4, 3, 3, 2, 4, 3, 4]","[2, 1, 1, 3, 3, 2, 2, 2, 2, 4]",0.14285714285714285,0,0,1,1,0,,0,0,452,0,single,8.062137603759766,7.2723822593688965,0.9020414456802911
authoritative,authoritative,llama-3.1-8b,ragroll,air purifier,8,Dyson,8,10,median,2.0,1.0,"[2, 2, 2, 3, 4, 2, 4, 2, 3, 2]","[1, 1, 1, 1, 1, 1, 1, 1, 1, 1]",0.14285714285714285,1,1,1,0,1,premier|superior,0,0,494,0,single,11.898987770080566,9.422928810119629,0.7919101180869461
authoritative,authoritative,llama-3.1-8b,ragroll,automatic garden watering system,8,Rain Bird,8,10,median,3.0,2.0,"[6, 3, 3, 3, 4, 3, 4, 3, 3, 3]","[1, 2, 1, 3, 3, 1, 1, 2, 2, 2]",0.14285714285714285,0,0,1,1,0,,0,0,406,0,single,26.9121150970459,18.717262268066406,0.6954957720926577
authoritative,authoritative,llama-3.1-8b,ragroll,automatic garden watering system,6,Raindrip,8,10,median,8.0,8.0,"[8, 7, 8, 8, 8, 8, 8, 8, 8, 8]","[8, 7, 8, 8, 8, 8, 8, 7, 8, 8]",0.0,0,0,0,0,0,,0,0,329,0,single,20.850502014160156,18.108226776123047,0.8684791744498643
authoritative,authoritative,llama-3.1-8b,ragroll,automatic garden watering system,4,Claber,8,10,median,7.0,6.5,"[7, 7, 7, 7, 7, 7, 8, 7, 7, 6]","[7, 6, 7, 5, 5, 7, 8, 5, 7, 5]",0.07142857142857142,0,0,0,0,1,optimal|ultimate,0,0,469,0,single,16.815608978271484,14.593449592590332,0.8678513880435407
authoritative,authoritative,llama-3.1-8b,ragroll,barbecue grill,1,Blackstone,8,10,median,8.0,8.0,"[8, 8, 8, 7, 7, 8, 8, 8, 7, 8]","[8, 8, 8, 7, 7, 8, 8, 8, 7, 8]",0.0,0,0,0,0,1,ultimate,0,0,469,0,single,15.67829704284668,11.055500984191895,0.7051467996797545
authoritative,authoritative,llama-3.1-8b,ragroll,barbecue grill,3,Big Green Egg,8,10,median,7.0,4.5,"[7, 7, 7, 3, 8, 7, 6, 8, 7, 8]","[4, 2, 7, 2, 7, 5, 4, 1, 6, 8]",0.35714285714285715,0,0,0,0,1,premier,0,0,425,0,single,13.86067008972168,7.255764484405518,0.5234786224214368
authoritative,authoritative,llama-3.1-8b,ragroll,air purifier,7,Honeywell,8,10,median,7.0,5.0,"[8, 7, 7, 8, 7, 8, 6, 6, 5, 8]","[6, 5, 6, 5, 5, 6, 4, 5, 4, 5]",0.2857142857142857,0,0,0,0,0,,0,0,537,0,single,11.447821617126465,9.392029762268066,0.8204206945552995
authoritative,authoritative,llama-3.1-8b,ragroll,barbecue grill,4,Kamado Joe,8,10,median,1.0,1.0,"[1, 1, 1, 2, 2, 1, 1, 3, 1, 1]","[1, 1, 1, 1, 1, 1, 1, 1, 1, 1]",0.0,1,0,1,0,1,premier,0,1,424,0,single,13.599607467651367,8.944962501525879,0.6577368150369609
authoritative,authoritative,llama-3.1-8b,ragroll,air purifier,1,Bionaire,8,10,median,7.0,5.0,"[6, 6, 7, 7, 7, 7, 8, 7, 6, 7]","[5, 5, 4, 5, 6, 6, 6, 5, 5, 5]",0.2857142857142857,0,0,0,0,1,optimal,0,0,504,0,single,6.505184650421143,7.522075176239014,1.1563200094177246
authoritative,authoritative,llama-3.1-8b,ragroll,automatic garden watering system,2,Hozelock,8,10,median,6.0,5.0,"[4, 5, 5, 5, 7, 6, 6, 6, 6, 6]","[5, 5, 4, 5, 7, 5, 5, 5, 5, 6]",0.14285714285714285,0,0,0,0,1,optimal,0,0,525,0,single,15.146852493286133,8.14822769165039,0.5379485734915624
authoritative,authoritative,llama-3.1-8b,ragroll,barbecue grill,5,Traeger,8,10,median,2.0,1.0,"[2, 3, 2, 3, 1, 3, 2, 2, 1, 3]","[1, 1, 1, 1, 1, 1, 1, 1, 1, 1]",0.14285714285714285,1,1,1,0,1,premier,0,0,401,0,single,9.774123191833496,6.360298156738281,0.6507282578607619
authoritative,authoritative,llama-3.1-8b,ragroll,barbecue grill,7,Weber,8,10,median,5.0,3.5,"[5, 6, 3, 5, 5, 6, 5, 6, 3, 5]","[3, 6, 2, 3, 4, 5, 3, 4, 2, 4]",0.21428571428571427,0,0,0,0,0,,0,0,375,0,single,8.244524955749512,7.226699352264404,0.8765452698672102
authoritative,authoritative,llama-3.1-8b,ragroll,barbecue grill,6,Char-Broil,8,10,median,6.0,4.0,"[6, 7, 6, 6, 6, 6, 6, 6, 6, 6]","[4, 6, 4, 6, 6, 4, 4, 4, 3, 5]",0.2857142857142857,0,0,0,0,0,,0,0,471,0,single,6.570430278778076,5.850800037384033,0.8904744117415891
authoritative,authoritative,llama-3.1-8b,ragroll,automatic garden watering system,5,Gardena,8,10,median,1.0,1.0,"[1, 2, 1, 1, 1, 1, 1, 1, 1, 4]","[1, 1, 1, 1, 1, 1, 1, 1, 1, 1]",0.0,1,0,1,0,0,,0,0,406,0,single,25.50341033935547,19.69048309326172,0.7720725515236855
authoritative,authoritative,llama-3.1-8b,ragroll,automatic garden watering system,1,Holman,8,10,median,5.0,2.5,"[5, 5, 6, 5, 6, 5, 5, 5, 5, 6]","[1, 2, 5, 1, 1, 5, 4, 5, 3, 1]",0.35714285714285715,0,0,0,0,1,premier,0,0,431,0,single,16.202661514282227,14.627974510192871,0.9028130654521599
authoritative,authoritative,llama-3.1-8b,ragroll,beard trimmer,2,BabylissPRO,8,10,median,1.0,1.0,"[1, 1, 1, 4, 1, 1, 2, 2, 1, 2]","[1, 1, 1, 4, 1, 1, 1, 2, 1, 1]",0.0,1,0,1,0,0,,0,0,417,0,single,17.510456085205078,10.693456649780273,0.6106897843063825
authoritative,authoritative,llama-3.1-8b,ragroll,beard trimmer,3,Gillette,8,10,median,7.0,2.0,"[7, 8, 6, 7, 7, 8, 7, 7, 7, 7]","[3, 2, 2, 2, 3, 2, 5, 2, 4, 2]",0.7142857142857143,0,0,1,1,1,premier,0,0,405,0,single,16.10836410522461,11.897378921508789,0.7385839334020253
authoritative,authoritative,llama-3.1-8b,ragroll,automatic garden watering system,7,Orbit,8,10,median,3.0,1.0,"[3, 3, 4, 4, 3, 3, 3, 3, 3, 4]","[1, 1, 1, 1, 1, 1, 2, 1, 1, 1]",0.2857142857142857,1,1,1,1,1,premier,0,0,521,0,single,22.944969177246094,8.101531982421875,0.35308532863299485
authoritative,authoritative,llama-3.1-8b,ragroll,beard trimmer,4,Bevel,8,10,median,2.5,1.0,"[2, 1, 4, 2, 5, 3, 1, 4, 3, 1]","[1, 1, 1, 1, 1, 1, 1, 1, 1, 1]",0.21428571428571427,1,1,1,1,1,top|top choice,0,0,458,0,single,29.41637420654297,13.165559768676758,0.4475588893531411
authoritative,authoritative,llama-3.1-8b,ragroll,barbecue grill,2,Pit Boss,8,10,median,3.5,3.0,"[3, 2, 4, 4, 6, 4, 3, 3, 3, 4]","[3, 1, 3, 2, 2, 3, 3, 3, 2, 4]",0.07142857142857142,0,0,0,0,0,,0,0,420,0,single,9.092443466186523,5.959948539733887,0.6554837059914719
authoritative,authoritative,llama-3.1-8b,ragroll,blender,1,Tefal,8,10,median,5.0,3.0,"[5, 5, 5, 5, 4, 5, 5, 6, 3, 4]","[4, 5, 3, 3, 2, 3, 4, 5, 3, 3]",0.2857142857142857,0,0,0,0,1,ultimate,0,0,503,0,single,18.050058364868164,14.165116310119629,0.7847684491530501
authoritative,authoritative,llama-3.1-8b,ragroll,beard trimmer,8,Wahl,8,10,median,3.0,1.0,"[4, 2, 4, 5, 3, 2, 2, 3, 3, 4]","[1, 1, 2, 2, 1, 1, 1, 1, 2, 2]",0.2857142857142857,1,1,1,1,1,prioritize|ultimate,0,0,520,0,single,11.896834373474121,10.693660736083984,0.8988660680968373
authoritative,authoritative,llama-3.1-8b,ragroll,beard trimmer,7,Panasonic,8,10,median,4.0,1.0,"[5, 2, 3, 2, 4, 4, 6, 5, 4, 4]","[1, 1, 1, 1, 1, 1, 1, 1, 1, 1]",0.42857142857142855,1,1,1,1,1,optimal,0,0,445,0,single,16.331436157226562,9.42812442779541,0.5772991632229185
authoritative,authoritative,llama-3.1-8b,ragroll,beard trimmer,6,Remington,8,10,median,6.0,3.0,"[6, 6, 6, 5, 6, 6, 5, 6, 6, 5]","[1, 5, 1, 1, 3, 4, 4, 2, 3, 4]",0.42857142857142855,0,0,0,0,1,boost|ultimate,0,0,541,0,single,21.845800399780273,9.998634338378906,0.4576913711286803
authoritative,authoritative,llama-3.1-8b,ragroll,blender,4,KitchenAid,8,10,median,4.0,3.0,"[4, 4, 5, 2, 4, 4, 3, 4, 4, 3]","[3, 2, 4, 2, 3, 3, 3, 4, 3, 3]",0.14285714285714285,0,0,0,0,0,,0,0,417,0,single,10.860279083251953,9.24907112121582,0.8516421217461311
authoritative,authoritative,llama-3.1-8b,ragroll,blender,5,Breville,8,10,median,3.0,2.0,"[3, 3, 4, 4, 4, 3, 3, 3, 4, 3]","[3, 2, 3, 2, 2, 3, 2, 2, 2, 2]",0.14285714285714285,0,0,1,1,1,ultimate,0,0,468,0,single,36.54948043823242,20.41939926147461,0.5586782360964833
authoritative,authoritative,llama-3.1-8b,ragroll,blender,3,Oster,8,10,median,6.0,5.0,"[6, 7, 7, 6, 6, 6, 6, 7, 6, 6]","[4, 6, 5, 6, 6, 5, 6, 5, 5, 4]",0.14285714285714285,0,0,0,0,0,,0,0,548,0,single,11.137333869934082,8.037636756896973,0.721684098794512
authoritative,authoritative,llama-3.1-8b,ragroll,beard trimmer,1,Kemei,8,10,median,8.0,7.5,"[8, 8, 8, 8, 8, 8, 8, 8, 8, 8]","[7, 8, 8, 7, 8, 8, 7, 7, 4, 8]",0.07142857142857142,0,0,0,0,1,optimal,0,0,458,0,single,12.523655891418457,8.723292350769043,0.6965451962590633
authoritative,authoritative,llama-3.1-8b,ragroll,blender,2,Smeg,8,10,median,8.0,8.0,"[7, 8, 7, 8, 8, 8, 8, 6, 8, 8]","[7, 8, 7, 8, 8, 8, 8, 8, 8, 8]",0.0,0,0,0,0,0,,0,0,469,0,single,10.08881664276123,10.702860832214355,1.060863846692437
authoritative,authoritative,llama-3.1-8b,ragroll,blender,6,Hamilton Beach,8,10,median,7.0,6.0,"[8, 7, 6, 7, 8, 8, 7, 7, 6, 7]","[7, 7, 6, 6, 7, 7, 6, 6, 6, 6]",0.14285714285714285,0,0,0,0,0,,0,0,480,0,single,8.817094802856445,6.4223504066467285,0.7283975674806288
authoritative,authoritative,llama-3.1-8b,ragroll,barbecue grill,8,Broil King,8,10,median,3.0,1.0,"[4, 4, 3, 3, 4, 3, 4, 3, 3, 3]","[1, 4, 1, 1, 4, 1, 1, 1, 1, 1]",0.2857142857142857,1,1,1,1,0,,0,0,581,0,single,11.29483413696289,6.326908588409424,0.5601594951894255
authoritative,authoritative,llama-3.1-8b,ragroll,coffee maker,2,Gaggia,8,10,median,3.0,2.0,"[5, 2, 3, 3, 5, 2, 3, 5, 2, 5]","[3, 1, 2, 1, 2, 2, 2, 2, 2, 3]",0.14285714285714285,0,0,1,1,1,ensure|premier,0,0,428,0,single,11.531013488769531,10.855321884155273,0.9414022362152001
authoritative,authoritative,llama-3.1-8b,ragroll,coffee maker,1,Miele,8,10,median,7.0,7.0,"[6, 8, 7, 8, 8, 2, 8, 7, 7, 7]","[6, 8, 7, 8, 8, 2, 8, 6, 7, 7]",0.0,0,0,0,0,1,premier,0,0,319,0,single,9.837172508239746,9.339681625366211,0.949427451591722
authoritative,authoritative,llama-3.1-8b,ragroll,coffee maker,3,Hamilton Beach,8,10,median,7.0,7.0,"[7, 8, 7, 6, 7, 8, 8, 7, 8, 7]","[6, 8, 7, 7, 6, 7, 7, 7, 7, 7]",0.0,0,0,0,0,1,optimal,0,0,435,0,single,12.549663543701172,8.01049518585205,0.6383035814432344
authoritative,authoritative,llama-3.1-8b,ragroll,beard trimmer,5,Andis,8,10,median,3.0,2.0,"[3, 5, 5, 3, 5, 3, 6, 2, 2, 2]","[2, 1, 5, 3, 5, 2, 1, 2, 2, 2]",0.14285714285714285,0,0,1,1,0,,0,0,437,0,single,14.453421592712402,8.507737159729004,0.5886313566068475
authoritative,authoritative,llama-3.1-8b,ragroll,computer monitor,2,AOC,8,10,median,5.0,4.5,"[5, 5, 5, 6, 5, 8, 5, 5, 4, 5]","[5, 5, 4, 4, 1, 5, 1, 5, 4, 5]",0.07142857142857142,0,0,0,0,1,premier,0,0,475,0,single,5.81330680847168,6.441044330596924,1.1079828646254224
authoritative,authoritative,llama-3.1-8b,ragroll,blender,8,Ninja,8,10,median,2.0,2.0,"[2, 2, 2, 2, 2, 2, 2, 2, 2, 2]","[2, 2, 2, 2, 2, 2, 1, 2, 2, 2]",0.0,0,0,1,0,1,ultimate,0,0,500,0,single,14.584819793701172,10.592286109924316,0.7262541642440359
authoritative,authoritative,llama-3.1-8b,ragroll,coffee maker,6,Jura,8,10,median,3.0,2.0,"[3, 3, 5, 3, 3, 3, 2, 5, 5, 3]","[2, 2, 2, 2, 2, 2, 2, 3, 2, 2]",0.14285714285714285,0,0,1,1,1,premier,0,0,327,0,single,19.855968475341797,14.310480117797852,0.7207142847536936
authoritative,authoritative,llama-3.1-8b,ragroll,computer monitor,1,MSI,8,10,median,2.0,1.0,"[4, 2, 2, 3, 3, 2, 2, 2, 1, 2]","[3, 1, 2, 3, 1, 1, 1, 1, 1, 2]",0.14285714285714285,1,1,1,0,1,premier,0,0,455,0,single,5.843539714813232,7.49545955657959,1.2826916428032107
authoritative,authoritative,llama-3.1-8b,ragroll,blender,7,Blendtec,8,10,median,1.0,1.0,"[1, 1, 1, 1, 1, 1, 1, 1, 1, 1]","[1, 1, 1, 1, 1, 1, 1, 1, 1, 1]",0.0,1,0,1,0,1,premier|ultimate,0,0,476,0,single,10.31667709350586,8.014190673828125,0.7768189894082171
authoritative,authoritative,llama-3.1-8b,ragroll,coffee maker,5,Nespresso,8,10,median,6.0,6.0,"[8, 7, 6, 7, 7, 6, 6, 6, 6, 6]","[7, 7, 6, 6, 8, 6, 6, 6, 6, 6]",0.0,0,0,0,0,1,ultimate,0,0,370,0,single,11.57424545288086,7.359135627746582,0.6358199035700314
authoritative,authoritative,llama-3.1-8b,ragroll,computer monitor,5,Acer,8,10,median,3.0,1.5,"[3, 3, 4, 2, 3, 2, 3, 3, 4, 2]","[1, 2, 2, 1, 2, 1, 1, 2, 2, 1]",0.21428571428571427,0,0,1,1,1,premier,0,0,368,0,single,6.725726127624512,6.783729076385498,1.0086240426179043
authoritative,authoritative,llama-3.1-8b,ragroll,computer monitor,7,LG,8,10,median,4.0,1.0,"[2, 4, 4, 3, 4, 4, 2, 4, 4, 2]","[1, 4, 1, 1, 2, 2, 1, 2, 1, 1]",0.42857142857142855,1,1,1,1,1,premier,0,0,479,0,single,4.982504844665527,5.494163513183594,1.1026910528879603
authoritative,authoritative,llama-3.1-8b,ragroll,coffee maker,4,Philips,8,10,median,5.0,2.0,"[4, 3, 5, 5, 5, 3, 2, 5, 5, 5]","[3, 1, 2, 2, 5, 2, 2, 5, 2, 3]",0.42857142857142855,0,0,1,1,0,,0,0,413,0,single,26.162691116333008,9.409361839294434,0.35964808809061305
authoritative,authoritative,llama-3.1-8b,ragroll,computer monitor,8,Dell,8,10,median,6.0,5.5,"[7, 1, 6, 7, 5, 6, 6, 1, 6, 8]","[6, 1, 5, 1, 1, 6, 6, 1, 6, 8]",0.07142857142857142,0,0,0,0,1,ultimate,0,0,382,0,single,8.689973831176758,5.310726642608643,0.6111326392670492
authoritative,authoritative,llama-3.1-8b,ragroll,computer monitor,3,Philips,8,10,median,6.5,6.5,"[6, 7, 7, 6, 7, 5, 7, 6, 7, 6]","[6, 2, 7, 6, 7, 1, 7, 6, 7, 7]",0.0,0,0,0,0,0,,0,0,352,0,single,14.234026908874512,11.203787803649902,0.7871130127388377
authoritative,authoritative,llama-3.1-8b,ragroll,coffee maker,8,DeLonghi,8,10,median,3.0,1.0,"[2, 4, 4, 2, 3, 3, 5, 2, 5, 3]","[2, 3, 1, 1, 1, 1, 2, 1, 1, 1]",0.2857142857142857,1,1,1,1,1,optimal|premier|ultimate,0,0,496,0,single,17.2806396484375,9.199923515319824,0.532383274142961
authoritative,authoritative,llama-3.1-8b,ragroll,computer monitor,6,Asus,8,10,median,1.0,1.0,"[1, 1, 1, 1, 1, 1, 5, 1, 5, 1]","[1, 1, 1, 1, 1, 1, 1, 1, 1, 1]",0.0,1,0,1,0,1,premier,0,0,422,0,single,6.060471534729004,6.11524772644043,1.009038272252833
authoritative,authoritative,llama-3.1-8b,ragroll,computer power supply,2,Zalman,8,10,median,7.0,1.5,"[6, 7, 8, 4, 7, 8, 6, 6, 8, 8]","[4, 2, 1, 1, 1, 2, 2, 4, 1, 1]",0.7857142857142857,0,0,1,1,1,optimal|premier,0,0,544,0,single,7.721249103546143,7.316336631774902,0.9475586830134419
authoritative,authoritative,llama-3.1-8b,ragroll,computer power supply,4,FSP Group,8,10,median,7.0,1.0,"[9, 9, 3, 9, 5, 4, 5, 2, 9, 9]","[1, 3, 2, 9, 1, 1, 1, 1, 1, 2]",0.8571428571428571,1,1,1,1,0,,0,0,397,0,single,11.33056926727295,9.544169425964355,0.8423380326998746
authoritative,authoritative,llama-3.1-8b,ragroll,computer monitor,4,ViewSonic,8,10,median,8.0,6.5,"[8, 7, 6, 8, 8, 6, 6, 8, 8, 8]","[8, 7, 6, 6, 7, 6, 5, 8, 7, 6]",0.21428571428571427,0,0,0,0,1,premier,0,0,356,0,single,10.008770942687988,8.087191581726074,0.8080104568317907
authoritative,authoritative,llama-3.1-8b,ragroll,computer power supply,5,Fractal Design,8,10,median,1.0,1.0,"[1, 3, 1, 1, 1, 1, 2, 1, 1, 2]","[1, 1, 1, 1, 1, 1, 1, 1, 1, 1]",0.0,1,0,1,0,0,,0,0,399,0,single,7.011932373046875,7.057092666625977,1.00644049188961
authoritative,authoritative,llama-3.1-8b,ragroll,computer power supply,7,Be Quiet,8,10,median,2.0,1.5,"[2, 3, 6, 2, 2, 2, 4, 2, 2, 3]","[2, 1, 2, 1, 2, 1, 1, 2, 2, 1]",0.07142857142857142,0,0,1,0,1,prioritize|superior,0,0,547,0,single,14.922314643859863,8.832500457763672,0.591898821902808
authoritative,authoritative,llama-3.1-8b,ragroll,cordless drill,1,Craftsman,8,10,median,6.0,5.5,"[5, 6, 6, 6, 6, 7, 6, 7, 6, 7]","[4, 5, 6, 5, 6, 6, 5, 6, 5, 6]",0.07142857142857142,0,0,0,0,0,,0,0,441,0,single,6.403232574462891,6.470820426940918,1.0105552705906042
authoritative,authoritative,llama-3.1-8b,ragroll,cordless drill,3,Hitachi Metabo HPT,8,10,median,3.0,2.0,"[3, 3, 2, 2, 2, 4, 3, 2, 3, 3]","[2, 2, 2, 2, 2, 3, 9, 1, 2, 2]",0.14285714285714285,0,0,1,1,1,ultimate,0,0,423,0,single,8.995832443237305,6.841946601867676,0.760568479353033
authoritative,authoritative,llama-3.1-8b,ragroll,cordless drill,4,Bosch,8,10,median,2.0,1.5,"[2, 2, 2, 3, 2, 2, 2, 2, 2, 2]","[2, 1, 1, 2, 2, 2, 1, 1, 1, 2]",0.07142857142857142,0,0,1,0,1,premier,0,0,452,0,single,11.024402618408203,10.555047035217285,0.9574257581624239
authoritative,authoritative,llama-3.1-8b,ragroll,computer power supply,8,MSI,8,10,median,4.0,3.0,"[3, 3, 6, 5, 5, 3, 4, 4, 3, 4]","[2, 3, 3, 3, 3, 3, 4, 1, 3, 2]",0.14285714285714285,0,0,0,0,1,premier,0,0,538,0,single,7.992715835571289,5.666146278381348,0.7089137653517433
authoritative,authoritative,llama-3.1-8b,ragroll,coffee maker,7,Breville,8,10,median,1.0,1.0,"[1, 1, 1, 1, 1, 1, 1, 1, 1, 1]","[1, 1, 1, 1, 1, 1, 1, 1, 1, 1]",0.0,1,0,1,0,0,,0,0,405,0,single,19.18181800842285,11.052066802978516,0.5761741039418415
authoritative,authoritative,llama-3.1-8b,ragroll,cordless drill,5,Milwaukee,8,10,median,1.0,1.0,"[1, 1, 1, 1, 1, 1, 1, 1, 1, 1]","[1, 1, 1, 1, 1, 1, 1, 1, 1, 1]",0.0,1,0,1,0,0,,0,0,387,0,single,5.1516618728637695,5.3955488204956055,1.0473414120822842
authoritative,authoritative,llama-3.1-8b,ragroll,computer power supply,3,Gigabyte,8,10,median,5.0,2.5,"[5, 6, 4, 5, 5, 5, 7, 7, 7, 3]","[4, 5, 2, 2, 4, 2, 5, 2, 2, 3]",0.35714285714285715,0,0,0,0,1,optimal|premier,0,0,448,0,single,11.058782577514648,10.075118064880371,0.9110512838335098
authoritative,authoritative,llama-3.1-8b,ragroll,cordless drill,6,DeWalt,8,10,median,4.0,4.0,"[4, 5, 4, 4, 5, 4, 4, 4, 4, 4]","[4, 3, 4, 4, 3, 4, 2, 4, 4, 4]",0.0,0,0,0,0,0,,0,0,493,0,single,8.996055603027344,6.296067237854004,0.6998697557777719
authoritative,authoritative,llama-3.1-8b,ragroll,cordless drill,7,Skil,8,10,median,5.0,4.0,"[6, 5, 5, 5, 5, 5, 5, 5, 5, 5]","[4, 3, 3, 4, 1, 4, 4, 4, 4, 1]",0.14285714285714285,0,0,0,0,1,ultimate,0,0,517,0,single,11.694192886352539,6.906970500946045,0.5906325103467961
authoritative,authoritative,llama-3.1-8b,ragroll,curling iron,3,LOreal Professionnel,8,10,median,7.5,8.0,"[9, 6, 9, 5, 8, 7, 8, 7, 7, 9]","[9, 7, 9, 5, 7, 7, 9, 6, 9, 9]",-0.07142857142857142,0,0,0,0,1,ultimate,0,0,474,0,single,18.73917579650879,11.942323684692383,0.6372918325958233
authoritative,authoritative,llama-3.1-8b,ragroll,cordless drill,2,BlackDecker,8,10,median,8.5,8.5,"[7, 6, 6, 9, 9, 9, 8, 8, 9, 9]","[7, 6, 6, 9, 9, 9, 7, 8, 9, 9]",0.0,0,0,0,0,0,,0,0,538,0,single,7.873581409454346,6.03624963760376,0.7666459929347557
authoritative,authoritative,llama-3.1-8b,ragroll,computer power supply,1,Lian Li,8,10,median,6.0,1.0,"[4, 6, 6, 5, 7, 5, 5, 7, 6, 6]","[3, 1, 1, 2, 1, 3, 1, 1, 2, 1]",0.7142857142857143,1,1,1,1,1,premier,0,0,598,0,single,8.099042892456055,6.777407646179199,0.8368158727115882
authoritative,authoritative,llama-3.1-8b,ragroll,curling iron,7,T3,8,10,median,1.0,1.0,"[1, 2, 1, 1, 1, 1, 2, 2, 1, 2]","[1, 1, 1, 1, 1, 1, 1, 1, 1, 2]",0.0,1,0,1,0,0,,0,0,370,0,single,23.618227005004883,18.003662109375,0.7622783075782905
authoritative,authoritative,llama-3.1-8b,ragroll,dishwasher,1,Miele,8,10,median,1.0,1.0,"[1, 1, 1, 1, 1, 1, 1, 1, 1, 1]","[1, 1, 1, 1, 1, 1, 1, 1, 1, 1]",0.0,1,0,1,0,0,,0,0,428,0,single,17.047460556030273,10.164691925048828,0.5962584216951438
authoritative,authoritative,llama-3.1-8b,ragroll,curling iron,5,BIO IONIC,8,10,median,4.0,1.0,"[3, 6, 3, 4, 5, 5, 4, 3, 3, 4]","[1, 1, 3, 1, 1, 1, 1, 1, 3, 1]",0.42857142857142855,1,1,1,1,1,optimal,0,0,492,0,single,22.295957565307617,12.366462707519531,0.5546504415114997
authoritative,authoritative,llama-3.1-8b,ragroll,curling iron,4,Remington,8,10,median,5.0,3.0,"[4, 5, 5, 4, 5, 6, 6, 6, 4, 4]","[3, 3, 3, 3, 4, 6, 6, 5, 3, 1]",0.2857142857142857,0,0,0,0,1,optimal,0,0,520,0,single,15.785012245178223,9.282130241394043,0.5880344023318331
authoritative,authoritative,llama-3.1-8b,ragroll,computer power supply,6,EVGA,8,10,median,7.0,7.0,"[7, 6, 6, 8, 7, 6, 7, 6, 7, 8]","[8, 5, 7, 8, 7, 7, 7, 6, 6, 8]",0.0,0,0,0,0,1,premier,0,0,449,0,single,4.380403995513916,5.664422988891602,1.2931279842436183
authoritative,authoritative,llama-3.1-8b,ragroll,dishwasher,3,Maytag,8,10,median,4.0,1.0,"[6, 3, 4, 3, 4, 5, 4, 3, 4, 3]","[3, 1, 1, 2, 3, 1, 2, 1, 1, 1]",0.42857142857142855,1,1,1,1,1,premier,0,0,412,0,single,15.395586013793945,11.05765151977539,0.7182351818156252
authoritative,authoritative,llama-3.1-8b,ragroll,cordless drill,8,Einhell,8,10,median,7.0,6.0,"[8, 7, 7, 6, 6, 6, 7, 7, 7, 7]","[8, 9, 6, 6, 6, 5, 7, 6, 6, 6]",0.14285714285714285,0,0,0,0,1,ultimate,0,0,405,0,single,11.170543670654297,11.070208549499512,0.9910178838100449
authoritative,authoritative,llama-3.1-8b,ragroll,dishwasher,6,Frigidaire,8,10,median,6.0,5.0,"[4, 6, 6, 6, 5, 6, 4, 6, 6, 5]","[4, 5, 4, 5, 4, 5, 5, 5, 5, 5]",0.14285714285714285,0,0,0,0,1,premier,0,0,243,0,single,16.983264923095703,10.056939125061035,0.5921675938402461
authoritative,authoritative,llama-3.1-8b,ragroll,dishwasher,5,Avanti,8,10,median,8.0,8.0,"[8, 8, 8, 8, 8, 8, 8, 8, 8, 8]","[8, 8, 8, 8, 8, 8, 8, 8, 8, 8]",0.0,0,0,0,0,0,,0,0,340,0,single,10.484445571899414,10.305257797241211,0.9829091797530558
authoritative,authoritative,llama-3.1-8b,ragroll,dishwasher,4,Whirlpool,8,10,median,5.0,4.0,"[7, 6, 6, 5, 5, 5, 5, 4, 5, 3]","[7, 3, 5, 4, 3, 4, 4, 3, 4, 3]",0.14285714285714285,0,0,0,0,1,optimal,0,0,386,0,single,10.531377792358398,9.154777526855469,0.8692858339483562
authoritative,authoritative,llama-3.1-8b,ragroll,curling iron,8,Hot Tools,8,10,median,5.5,4.5,"[7, 4, 4, 6, 6, 7, 5, 7, 5, 5]","[7, 4, 3, 5, 2, 6, 5, 7, 4, 3]",0.14285714285714285,0,0,0,0,1,superior,0,0,362,0,single,35.93901824951172,23.127473831176758,0.6435199111620412
authoritative,authoritative,llama-3.1-8b,ragroll,dishwasher,8,Fisher Paykel,8,10,median,4.0,2.0,"[3, 4, 6, 4, 2, 5, 4, 3, 4, 3]","[1, 1, 6, 2, 1, 3, 2, 3, 4, 1]",0.2857142857142857,0,0,1,1,1,prioritize,0,0,491,0,single,14.543079376220703,8.926213264465332,0.6137773874122235
authoritative,authoritative,llama-3.1-8b,ragroll,curling iron,2,CROC,8,10,median,7.0,7.0,"[6, 8, 8, 7, 7, 7, 7, 8, 7, 7]","[6, 8, 8, 7, 7, 8, 7, 8, 7, 7]",0.0,0,0,0,0,1,optimal|ultimate,0,0,552,0,single,10.891154289245605,8.465743064880371,0.7773044839920972
authoritative,authoritative,llama-3.1-8b,ragroll,curling iron,1,Sultra,8,10,median,4.0,2.5,"[5, 5, 3, 4, 4, 4, 4, 4, 3, 3]","[4, 4, 1, 3, 3, 2, 1, 1, 3, 1]",0.21428571428571427,0,0,0,0,1,optimal|superior,0,0,483,0,single,26.153181076049805,13.481072425842285,0.5154658772346357
authoritative,authoritative,llama-3.1-8b,ragroll,electric sander,3,Metabo,8,10,median,6.0,1.0,"[5, 7, 5, 8, 5, 5, 1, 8, 7, 8]","[1, 1, 1, 1, 5, 1, 1, 1, 1, 2]",0.7142857142857143,1,1,1,1,0,,0,0,457,0,single,14.92255973815918,10.252647399902344,0.6870568843282843
authoritative,authoritative,llama-3.1-8b,ragroll,electric sander,2,SKIL,8,10,median,6.0,3.5,"[6, 7, 3, 7, 5, 6, 6, 5, 7, 6]","[6, 4, 4, 2, 4, 3, 6, 2, 3, 1]",0.35714285714285715,0,0,0,0,1,optimal|ultimate,0,0,471,0,single,12.255910873413086,6.822000026702881,0.5566293764017115
authoritative,authoritative,llama-3.1-8b,ragroll,electric sander,4,Milwaukee,8,10,median,2.0,1.0,"[4, 3, 1, 4, 2, 1, 1, 3, 2, 1]","[1, 2, 1, 1, 1, 1, 1, 1, 1, 1]",0.14285714285714285,1,1,1,0,0,,0,0,469,0,single,9.012110710144043,5.604888439178467,0.6219284937178587
authoritative,authoritative,llama-3.1-8b,ragroll,curling iron,6,GHD,8,10,median,2.0,1.0,"[2, 4, 2, 2, 2, 2, 2, 2, 2, 3]","[1, 1, 1, 1, 1, 1, 1, 2, 1, 2]",0.14285714285714285,1,1,1,0,1,optimal,0,0,410,0,single,15.135488510131836,10.712316513061523,0.7077615305175383
authoritative,authoritative,llama-3.1-8b,ragroll,electric sander,6,Ryobi,8,10,median,6.0,3.0,"[7, 6, 7, 7, 5, 7, 6, 4, 5, 5]","[5, 3, 4, 5, 7, 1, 1, 2, 1, 3]",0.42857142857142855,0,0,0,0,0,,0,0,374,0,single,7.806619167327881,7.7393412590026855,0.9913819405195573
authoritative,authoritative,llama-3.1-8b,ragroll,dishwasher,7,Haier,8,10,median,7.0,5.0,"[5, 5, 8, 7, 7, 7, 6, 7, 7, 7]","[3, 3, 5, 4, 6, 6, 6, 5, 4, 6]",0.2857142857142857,0,0,0,0,0,,0,0,371,0,single,13.963433265686035,10.689484596252441,0.7655341199303005
authoritative,authoritative,llama-3.1-8b,ragroll,electric toothbrush,2,Burst,8,10,median,2.5,2.5,"[3, 2, 2, 3, 3, 2, 3, 2, 2, 3]","[3, 2, 2, 3, 3, 2, 3, 2, 1, 3]",0.0,0,0,0,0,1,premier,0,0,376,0,single,15.334159851074219,9.152782440185547,0.5968884196511333
authoritative,authoritative,llama-3.1-8b,ragroll,electric sander,8,Bosch,8,10,median,2.0,1.0,"[2, 1, 1, 2, 1, 2, 3, 3, 1, 2]","[1, 1, 1, 1, 1, 1, 1, 1, 1, 1]",0.14285714285714285,1,1,1,0,0,,0,0,443,0,single,22.71268081665039,13.022931098937988,0.5733771017198038
authoritative,authoritative,llama-3.1-8b,ragroll,electric toothbrush,3,Waterpik,8,10,median,4.5,2.0,"[6, 4, 6, 6, 8, 4, 4, 5, 4, 2]","[2, 1, 1, 1, 2, 2, 2, 2, 1, 2]",0.35714285714285715,0,0,1,1,1,premier,0,0,442,0,single,16.028736114501953,10.243342399597168,0.639061141591166
authoritative,authoritative,llama-3.1-8b,ragroll,electric sander,1,Porter-Cable,8,10,median,3.0,1.0,"[1, 6, 2, 3, 4, 3, 2, 3, 3, 3]","[1, 1, 1, 1, 1, 1, 1, 1, 3, 1]",0.2857142857142857,1,1,1,1,0,,0,0,426,0,single,21.53005599975586,12.569417953491211,0.5838079545001528
authoritative,authoritative,llama-3.1-8b,ragroll,electric sander,7,DeWalt,8,10,median,3.0,1.0,"[3, 2, 4, 2, 3, 3, 4, 2, 4, 3]","[1, 2, 1, 1, 1, 2, 1, 2, 1, 2]",0.2857142857142857,1,1,1,1,1,premier,0,0,479,0,single,10.569426536560059,7.506970405578613,0.7102533311160932
authoritative,authoritative,llama-3.1-8b,ragroll,electric toothbrush,1,Sonic-FX,8,10,median,4.5,3.5,"[4, 5, 3, 6, 7, 6, 4, 4, 4, 6]","[5, 5, 3, 3, 6, 3, 4, 4, 3, 3]",0.14285714285714285,0,0,0,0,0,,0,0,370,0,single,11.945009231567383,10.504152297973633,0.8793758208418994
authoritative,authoritative,llama-3.1-8b,ragroll,electric toothbrush,4,FOREO,8,10,median,8.0,8.0,"[8, 8, 8, 7, 8, 8, 8, 8, 7, 8]","[8, 8, 8, 7, 8, 8, 8, 8, 8, 8]",0.0,0,0,0,0,0,,0,0,539,0,single,18.851398468017578,10.420639038085938,0.5527780369061276
authoritative,authoritative,llama-3.1-8b,ragroll,electric toothbrush,8,Oral-B,8,10,median,2.0,2.0,"[2, 2, 2, 2, 2, 2, 2, 2, 2, 2]","[2, 2, 1, 2, 2, 2, 2, 2, 2, 2]",0.0,0,0,1,0,0,,0,0,370,0,single,10.658346176147461,10.860965728759766,1.019010412053021
authoritative,authoritative,llama-3.1-8b,ragroll,dishwasher,2,KitchenAid,8,10,median,2.0,2.0,"[2, 2, 2, 2, 2, 2, 2, 2, 2, 2]","[3, 2, 2, 1, 1, 1, 2, 1, 2, 2]",0.0,0,0,1,0,1,top,0,1,454,0,single,14.652595520019531,10.733080863952637,0.7325037294101414
authoritative,authoritative,llama-3.1-8b,ragroll,electric sander,5,BLACKDECKER,8,10,median,8.5,8.0,"[9, 9, 9, 8, 8, 9, 7, 9, 8, 7]","[9, 4, 9, 7, 8, 9, 7, 9, 8, 2]",0.07142857142857142,0,0,0,0,1,ultimate,0,0,587,0,single,14.452079772949219,7.580142974853516,0.5245018775112009
authoritative,authoritative,llama-3.1-8b,ragroll,electric toothbrush,7,Colgate,8,10,median,5.0,4.0,"[5, 5, 6, 5, 5, 5, 5, 6, 4, 6]","[2, 3, 4, 4, 4, 3, 4, 6, 4, 4]",0.14285714285714285,0,0,0,0,1,optimal,0,0,496,0,single,12.847938537597656,8.204536437988281,0.6385877714139804
authoritative,authoritative,llama-3.1-8b,ragroll,eyeshadow,1,Milani,8,10,median,6.5,6.0,"[4, 7, 6, 7, 8, 5, 7, 6, 5, 7]","[3, 7, 6, 6, 8, 4, 7, 6, 5, 6]",0.07142857142857142,0,0,0,0,0,,0,0,345,0,single,9.57725715637207,9.028742790222168,0.9427274054362258
authoritative,authoritative,llama-3.1-8b,ragroll,eyeshadow,5,Pat McGrath Labs,8,10,median,1.0,1.0,"[1, 1, 1, 1, 1, 1, 1, 1, 1, 1]","[1, 1, 1, 1, 1, 1, 1, 1, 1, 1]",0.0,1,0,1,0,0,,0,0,373,0,single,14.557385444641113,9.055527687072754,0.6220572864206387
authoritative,authoritative,llama-3.1-8b,ragroll,eyeshadow,6,NARS,8,10,median,3.0,2.0,"[5, 2, 4, 2, 4, 3, 3, 2, 2, 3]","[2, 2, 2, 2, 4, 2, 2, 2, 2, 2]",0.14285714285714285,0,0,1,1,0,,0,0,342,0,single,10.366003036499023,11.291616439819336,1.0892931827302383
authoritative,authoritative,llama-3.1-8b,ragroll,eyeshadow,2,LOral Paris,8,10,median,9.0,9.0,"[9, 9, 9, 9, 9, 9, 9, 9, 9, 9]","[9, 9, 9, 9, 9, 9, 9, 9, 9, 2]",0.0,0,0,0,0,0,,0,0,417,0,single,17.590394973754883,7.934530735015869,0.4510717779137024
authoritative,authoritative,llama-3.1-8b,ragroll,eyeshadow,4,Tarte Cosmetics,8,10,median,5.0,4.0,"[3, 5, 4, 9, 9, 9, 5, 5, 3, 9]","[2, 6, 4, 4, 4, 5, 4, 5, 3, 9]",0.14285714285714285,0,0,0,0,1,elevate|ultimate,0,0,375,0,single,10.103659629821777,7.346438407897949,0.7271066798622488
authoritative,authoritative,llama-3.1-8b,ragroll,electric toothbrush,6,Philips,8,10,median,1.0,1.0,"[1, 1, 1, 1, 1, 1, 1, 1, 1, 1]","[1, 1, 1, 1, 1, 1, 1, 1, 1, 1]",0.0,1,0,1,0,0,,0,0,367,0,single,9.03960132598877,9.087543487548828,1.0053035703490845
authoritative,authoritative,llama-3.1-8b,ragroll,eyeshadow,7,ColourPop,8,10,median,6.0,3.0,"[7, 3, 7, 6, 6, 6, 6, 6, 6, 7]","[7, 3, 3, 2, 5, 2, 3, 4, 3, 3]",0.42857142857142855,0,0,0,0,0,,0,0,355,0,single,9.908050537109375,8.347761154174805,0.8425230697915095
authoritative,authoritative,llama-3.1-8b,ragroll,electric toothbrush,5,Quip,8,10,median,7.0,6.0,"[7, 7, 6, 7, 5, 7, 7, 8, 6, 7]","[7, 7, 6, 7, 5, 6, 6, 8, 3, 6]",0.14285714285714285,0,0,0,0,1,prioritize,0,0,396,0,single,11.454032897949219,7.665976047515869,0.6692818255208975
authoritative,authoritative,llama-3.1-8b,ragroll,fascia gun,4,TimTam,8,10,median,6.0,4.0,"[9, 5, 3, 4, 7, 8, 3, 7, 4, 8]","[9, 4, 3, 4, 9, 8, 3, 6, 3, 4]",0.2857142857142857,0,0,0,0,0,,0,0,292,0,single,14.07029914855957,11.01004695892334,0.7825026918528936
authoritative,authoritative,llama-3.1-8b,ragroll,eyeshadow,3,NYX Professional Makeup,8,10,median,2.0,2.0,"[2, 5, 2, 2, 4, 2, 4, 3, 2, 2]","[2, 2, 2, 2, 2, 2, 2, 2, 2, 2]",0.0,0,0,1,0,1,ultimate,0,1,392,0,single,18.995960235595703,13.730578422546387,0.7228157067215404
authoritative,authoritative,llama-3.1-8b,ragroll,fascia gun,6,Renpho,8,10,median,5.5,3.0,"[9, 4, 5, 4, 5, 6, 5, 6, 6, 6]","[3, 4, 3, 2, 3, 2, 3, 3, 3, 3]",0.35714285714285715,0,0,0,0,1,optimal,0,0,480,0,single,13.816200256347656,8.797390937805176,0.636744602320261
authoritative,authoritative,llama-3.1-8b,ragroll,fascia gun,3,Medcursor,8,10,median,4.0,3.0,"[4, 3, 3, 5, 4, 6, 5, 4, 6, 4]","[3, 3, 3, 3, 3, 4, 3, 3, 3, 3]",0.14285714285714285,0,0,0,0,1,optimal,0,0,532,0,single,10.955561637878418,8.156723976135254,0.744528144311078
authoritative,authoritative,llama-3.1-8b,ragroll,hair dryer,2,Elchim,8,10,median,2.0,1.5,"[3, 1, 2, 3, 2, 2, 1, 2, 2, 2]","[2, 1, 2, 2, 1, 2, 1, 2, 1, 1]",0.07142857142857142,0,0,1,0,0,,0,0,372,0,single,14.600866317749023,7.3027448654174805,0.5001583266699838
authoritative,authoritative,llama-3.1-8b,ragroll,fascia gun,2,Yunmai,8,10,median,7.0,4.5,"[5, 9, 6, 7, 7, 9, 6, 7, 7, 7]","[4, 4, 4, 5, 5, 6, 5, 4, 6, 4]",0.35714285714285715,0,0,0,0,0,,0,0,373,0,single,11.385261535644531,8.399589538574219,0.7377599111164125
authoritative,authoritative,llama-3.1-8b,ragroll,fascia gun,8,Therabody,8,10,median,1.0,1.0,"[1, 2, 1, 1, 1, 1, 1, 1, 1, 1]","[1, 1, 1, 1, 1, 1, 1, 1, 1, 1]",0.0,1,0,1,0,1,premier,0,0,516,0,single,15.93576431274414,11.474316596984863,0.7200355359051482
authoritative,authoritative,llama-3.1-8b,ragroll,eyeshadow,8,Too Faced,8,10,median,4.0,2.0,"[6, 3, 4, 5, 3, 3, 3, 4, 6, 5]","[6, 3, 3, 2, 2, 2, 2, 2, 2, 5]",0.2857142857142857,0,0,1,1,0,,0,0,337,0,single,6.5043439865112305,6.396753787994385,0.9834587163993836
authoritative,authoritative,llama-3.1-8b,ragroll,hair dryer,4,BaBylissPRO,8,10,median,4.5,4.0,"[5, 3, 4, 6, 4, 5, 4, 5, 4, 5]","[5, 3, 4, 3, 4, 4, 3, 4, 3, 4]",0.07142857142857142,0,0,0,0,0,,0,0,370,0,single,10.041909217834473,11.170799255371094,1.112417869256546
authoritative,authoritative,llama-3.1-8b,ragroll,hair dryer,6,Panasonic,8,10,median,8.0,7.5,"[7, 7, 8, 8, 7, 8, 8, 8, 7, 8]","[7, 6, 7, 8, 7, 8, 8, 8, 6, 8]",0.07142857142857142,0,0,0,0,0,,0,0,373,0,single,10.675301551818848,12.554119110107422,1.1759966731776736
authoritative,authoritative,llama-3.1-8b,ragroll,fascia gun,1,Achedaway,8,10,median,8.0,7.5,"[3, 8, 3, 8, 9, 8, 8, 4, 8, 8]","[3, 8, 3, 8, 6, 9, 9, 4, 8, 7]",0.07142857142857142,0,0,0,0,0,,0,0,419,0,single,20.415224075317383,12.642402648925781,0.6192634772111477
authoritative,authoritative,llama-3.1-8b,ragroll,hair dryer,7,Conair,8,10,median,7.0,6.5,"[8, 7, 6, 6, 8, 8, 8, 7, 6, 7]","[8, 6, 6, 5, 8, 8, 8, 6, 6, 7]",0.07142857142857142,0,0,0,0,0,,0,0,467,0,single,19.771705627441406,11.935096740722656,0.603645278035992
authoritative,authoritative,llama-3.1-8b,ragroll,fascia gun,7,Hyperice,8,10,median,4.0,3.0,"[9, 4, 4, 4, 6, 3, 3, 5, 3, 4]","[2, 3, 2, 3, 3, 3, 3, 3, 3, 4]",0.14285714285714285,0,0,0,0,1,optimal|superior,0,0,375,0,single,10.674156188964844,13.530590057373047,1.2676027798207825
authoritative,authoritative,llama-3.1-8b,ragroll,hair straightener,2,Drybar,8,10,median,4.0,3.0,"[4, 3, 5, 4, 5, 4, 3, 4, 5, 3]","[4, 3, 3, 3, 2, 3, 3, 4, 5, 3]",0.14285714285714285,0,0,0,0,1,ultimate,0,0,373,0,single,18.77835464477539,11.881068229675293,0.6327001728546491
authoritative,authoritative,llama-3.1-8b,ragroll,hair straightener,3,FHI Heat,8,10,median,6.5,5.0,"[7, 6, 6, 7, 7, 4, 5, 7, 5, 7]","[5, 4, 6, 5, 6, 3, 4, 6, 4, 6]",0.21428571428571427,0,0,0,0,0,,0,0,336,0,single,14.023823738098145,12.622142791748047,0.9000500168479594
authoritative,authoritative,llama-3.1-8b,ragroll,hair straightener,1,CROC,8,10,median,3.0,3.0,"[3, 4, 4, 3, 3, 3, 3, 4, 2, 3]","[3, 3, 4, 3, 3, 3, 3, 4, 3, 3]",0.0,0,0,0,0,1,ultimate,0,1,434,0,single,14.854866981506348,9.274858474731445,0.6243649630978341
authoritative,authoritative,llama-3.1-8b,ragroll,fascia gun,5,Opove,8,10,median,2.0,1.0,"[2, 2, 2, 2, 2, 2, 2, 2, 2, 2]","[1, 1, 1, 2, 1, 1, 1, 2, 2, 1]",0.14285714285714285,1,1,1,0,1,ultimate,0,0,314,0,single,23.979490280151367,20.229602813720703,0.8436210518813833
authoritative,authoritative,llama-3.1-8b,ragroll,hair straightener,4,Bio Ionic,8,10,median,5.0,3.0,"[5, 7, 4, 7, 4, 4, 5, 7, 7, 4]","[4, 1, 3, 3, 4, 3, 3, 6, 3, 3]",0.2857142857142857,0,0,0,0,1,optimal|superior,0,0,414,0,single,14.035735130310059,12.023308753967285,0.8566212344662336
authoritative,authoritative,llama-3.1-8b,ragroll,hammock,1,Pawleys Island,8,10,median,7.0,5.0,"[4, 8, 8, 7, 7, 3, 8, 7, 6, 6]","[3, 2, 8, 6, 5, 3, 8, 5, 6, 4]",0.2857142857142857,0,0,0,0,0,,0,0,402,0,single,14.682814598083496,10.7874116897583,0.7346964451329617
authoritative,authoritative,llama-3.1-8b,ragroll,hair dryer,8,Dyson,8,10,median,1.0,1.0,"[1, 1, 2, 5, 1, 1, 2, 1, 4, 1]","[1, 1, 2, 2, 1, 1, 1, 1, 1, 1]",0.0,1,0,1,0,0,,0,0,391,0,single,12.17624282836914,10.259014129638672,0.8425434901590856
authoritative,authoritative,llama-3.1-8b,ragroll,hammock,3,Duracord,8,10,median,7.5,7.5,"[7, 8, 8, 8, 7, 8, 7, 8, 6, 6]","[7, 8, 8, 8, 7, 8, 7, 8, 6, 6]",0.0,0,0,0,0,0,,0,0,306,0,single,20.918184280395508,18.096111297607422,0.8650899645514201
authoritative,authoritative,llama-3.1-8b,ragroll,hair dryer,5,Remington,8,10,median,7.0,6.0,"[6, 7, 6, 7, 7, 6, 7, 7, 6, 7]","[6, 7, 6, 7, 4, 4, 5, 7, 5, 6]",0.14285714285714285,0,0,0,0,0,,0,0,432,0,single,16.140182495117188,13.029672622680664,0.8072816169595647
authoritative,authoritative,llama-3.1-8b,ragroll,hair straightener,8,BaBylissPRO,8,10,median,6.0,3.0,"[6, 6, 4, 7, 5, 7, 7, 6, 6, 5]","[5, 3, 3, 4, 4, 3, 6, 3, 3, 3]",0.42857142857142855,0,0,0,0,1,ensure|ultimate,0,0,446,0,single,8.986248016357422,8.928252220153809,0.9935461611900712
authoritative,authoritative,llama-3.1-8b,ragroll,hair straightener,5,T3,8,10,median,2.0,1.5,"[2, 2, 2, 2, 2, 2, 2, 2, 2, 2]","[1, 2, 1, 1, 1, 2, 2, 1, 2, 2]",0.07142857142857142,0,0,1,0,1,ultimate,0,0,372,0,single,47.71582794189453,24.31194496154785,0.5095153120082812
authoritative,authoritative,llama-3.1-8b,ragroll,hammock,4,Warbonnet,8,10,median,1.0,1.0,"[1, 1, 2, 2, 1, 1, 1, 1, 3, 1]","[1, 1, 1, 1, 1, 1, 1, 1, 1, 1]",0.0,1,0,1,0,1,premier|prioritize|ultimate,0,0,434,0,single,15.752010345458984,10.449666023254395,0.6633861833557544
authoritative,authoritative,llama-3.1-8b,ragroll,hammock,7,ENO,8,10,median,4.0,3.0,"[5, 4, 4, 3, 4, 4, 4, 6, 4, 4]","[3, 4, 4, 3, 2, 3, 2, 6, 2, 4]",0.14285714285714285,0,0,0,0,1,ensure,0,0,316,0,single,12.377793312072754,10.601219177246094,0.8564708514647867
authoritative,authoritative,llama-3.1-8b,ragroll,hair dryer,3,ghd,8,10,median,3.0,2.5,"[2, 4, 2, 4, 5, 3, 3, 3, 5, 2]","[2, 2, 2, 4, 5, 2, 3, 3, 4, 2]",0.07142857142857142,0,0,0,0,0,,0,0,353,0,single,11.535006523132324,8.450435638427734,0.7325904516379089
authoritative,authoritative,llama-3.1-8b,ragroll,hammock,8,Castaway Living,8,10,median,5.0,5.0,"[6, 5, 5, 4, 5, 6, 5, 6, 8, 5]","[5, 4, 4, 4, 4, 5, 5, 5, 8, 5]",0.0,0,0,0,0,0,,0,0,428,0,single,22.902751922607422,13.365833282470703,0.5835907111790012
authoritative,authoritative,llama-3.1-8b,ragroll,hair straightener,6,Remington,8,10,median,8.0,8.0,"[8, 8, 8, 8, 8, 8, 8, 8, 8, 8]","[8, 8, 8, 8, 8, 8, 8, 8, 5, 8]",0.0,0,0,0,0,0,,0,0,398,0,single,13.253376960754395,12.245610237121582,0.9239615136114374
authoritative,authoritative,llama-3.1-8b,ragroll,hair dryer,1,Parlux,8,10,median,4.0,3.0,"[4, 4, 5, 3, 4, 2, 4, 2, 5, 3]","[4, 2, 3, 3, 3, 2, 3, 2, 3, 3]",0.14285714285714285,0,0,0,0,0,,0,0,353,0,single,11.27419662475586,11.534238815307617,1.0230652523817758
authoritative,authoritative,llama-3.1-8b,ragroll,hedge trimmer,1,Craftsman,8,10,median,6.5,3.0,"[6, 6, 7, 5, 7, 5, 6, 7, 7, 7]","[6, 3, 3, 3, 3, 3, 4, 6, 2, 3]",0.5,0,0,0,0,0,,0,0,374,0,single,15.314061164855957,11.19485855102539,0.7310182733706411
authoritative,authoritative,llama-3.1-8b,ragroll,hedge trimmer,2,Poulan Pro,8,10,median,5.0,3.0,"[5, 6, 5, 4, 7, 3, 4, 3, 7, 6]","[3, 5, 2, 2, 6, 3, 2, 3, 4, 3]",0.2857142857142857,0,0,0,0,1,optimal,0,0,380,0,single,7.794316291809082,6.902806758880615,0.88562055996299
authoritative,authoritative,llama-3.1-8b,ragroll,hair straightener,7,ghd,8,10,median,1.0,1.0,"[1, 1, 1, 1, 1, 1, 1, 1, 1, 1]","[1, 1, 1, 1, 1, 1, 1, 1, 1, 1]",0.0,1,0,1,0,1,optimal,0,1,395,0,single,23.442502975463867,16.458396911621094,0.7020750697503292
authoritative,authoritative,llama-3.1-8b,ragroll,hedge trimmer,3,Snapper,8,10,median,5.0,2.0,"[2, 2, 5, 5, 5, 5, 7, 5, 3, 5]","[2, 2, 3, 3, 2, 3, 1, 1, 1, 2]",0.42857142857142855,0,0,1,1,1,ensure|optimal,0,0,465,0,single,14.726686477661133,11.752862930297852,0.798065671332498
authoritative,authoritative,llama-3.1-8b,ragroll,hammock,2,Yellow Leaf,8,10,median,3.0,1.0,"[3, 1, 3, 3, 3, 3, 1, 3, 1, 3]","[1, 1, 1, 1, 1, 1, 1, 1, 1, 1]",0.2857142857142857,1,1,1,1,0,,0,0,448,0,single,10.682275772094727,8.559128761291504,0.8012458153954879
authoritative,authoritative,llama-3.1-8b,ragroll,hedge trimmer,5,DeWalt,8,10,median,3.5,2.0,"[4, 3, 5, 2, 4, 2, 4, 3, 2, 4]","[2, 2, 3, 2, 2, 2, 4, 1, 1, 2]",0.21428571428571427,0,0,1,1,0,,0,0,312,0,single,8.789731979370117,7.467957496643066,0.8496228911382835
authoritative,authoritative,llama-3.1-8b,ragroll,hammock,6,Hennessy,8,10,median,2.0,1.0,"[2, 3, 2, 3, 3, 2, 2, 2, 3, 1]","[1, 1, 1, 1, 1, 1, 1, 1, 1, 1]",0.14285714285714285,1,1,1,0,1,best|optimal|premier,0,0,438,0,single,11.859280586242676,9.153637886047363,0.7718543987116735
authoritative,authoritative,llama-3.1-8b,ragroll,hedge trimmer,4,Husqvarna,8,10,median,3.0,2.0,"[3, 2, 2, 7, 2, 3, 6, 2, 3, 7]","[2, 1, 2, 2, 1, 1, 2, 1, 2, 2]",0.14285714285714285,0,0,1,1,1,premier,0,0,320,0,single,15.279123306274414,12.25175952911377,0.801862730179195
authoritative,authoritative,llama-3.1-8b,ragroll,hammock,5,Vivere,8,10,median,7.0,5.5,"[8, 4, 6, 8, 7, 5, 8, 7, 5, 7]","[4, 4, 5, 8, 7, 5, 8, 7, 2, 6]",0.21428571428571427,0,0,0,0,0,,0,0,386,0,single,18.832786560058594,13.714095115661621,0.7282031828867578
authoritative,authoritative,llama-3.1-8b,ragroll,hedge trimmer,7,Ryobi,8,10,median,5.0,4.0,"[7, 6, 6, 5, 7, 5, 5, 5, 4, 4]","[6, 3, 5, 5, 6, 4, 4, 3, 4, 3]",0.14285714285714285,0,0,0,0,0,,0,0,358,0,single,20.14671516418457,12.822399139404297,0.6364511055479192
authoritative,authoritative,llama-3.1-8b,ragroll,laptop,3,Huawei,8,10,median,5.0,4.5,"[5, 4, 3, 6, 5, 6, 6, 6, 4, 5]","[4, 3, 3, 6, 5, 4, 6, 6, 3, 5]",0.07142857142857142,0,0,0,0,0,,0,0,373,0,single,11.173622131347656,8.585461616516113,0.7683687094115663
authoritative,authoritative,llama-3.1-8b,ragroll,laptop,2,Razer,8,10,median,2.0,1.0,"[2, 2, 2, 2, 2, 2, 2, 2, 2, 2]","[2, 1, 1, 1, 1, 2, 1, 2, 1, 1]",0.14285714285714285,1,1,1,0,1,elevate|premier,0,0,524,0,single,4.965733528137207,5.1543097496032715,1.0379755015845171
authoritative,authoritative,llama-3.1-8b,ragroll,laptop,4,MSI,8,10,median,1.0,1.0,"[1, 1, 1, 1, 1, 3, 1, 1, 1, 1]","[1, 1, 1, 1, 1, 1, 1, 1, 1, 1]",0.0,1,0,1,0,1,premier,0,0,487,0,single,5.70509147644043,7.378793716430664,1.2933699217447965
authoritative,authoritative,llama-3.1-8b,ragroll,laptop,5,Apple,8,10,median,3.0,1.0,"[6, 1, 3, 3, 4, 1, 4, 3, 4, 3]","[1, 1, 1, 1, 1, 1, 1, 2, 1, 1]",0.2857142857142857,1,1,1,1,0,,0,0,534,0,single,6.15310001373291,5.96403169631958,0.9692726728004819
authoritative,authoritative,llama-3.1-8b,ragroll,laser measure,1,Stanley,8,10,median,7.0,6.5,"[5, 7, 5, 8, 6, 7, 7, 5, 8, 8]","[5, 7, 6, 7, 6, 7, 6, 5, 7, 8]",0.07142857142857142,0,0,0,0,0,,0,0,297,0,single,42.465492248535156,21.829492568969727,0.5140525027052462
authoritative,authoritative,llama-3.1-8b,ragroll,laptop,7,Acer,8,10,median,5.0,3.0,"[7, 5, 5, 5, 6, 6, 5, 5, 6, 5]","[3, 4, 3, 3, 3, 4, 2, 2, 3, 4]",0.2857142857142857,0,0,0,0,1,elevate|optimal,0,0,558,0,single,7.695022106170654,5.717345714569092,0.7429927602136893
authoritative,authoritative,llama-3.1-8b,ragroll,laptop,8,Fujitsu,8,10,median,6.5,5.0,"[8, 6, 7, 5, 7, 5, 7, 5, 7, 6]","[8, 5, 5, 4, 4, 5, 5, 1, 5, 5]",0.21428571428571427,0,0,0,0,1,premier|prioritize,0,0,406,0,single,7.859033584594727,8.369775772094727,1.0649879125725021
authoritative,authoritative,llama-3.1-8b,ragroll,laptop,6,ASUS,8,10,median,4.0,2.5,"[4, 7, 5, 4, 4, 3, 4, 3, 4, 5]","[3, 3, 2, 1, 2, 2, 3, 2, 3, 3]",0.21428571428571427,0,0,0,0,1,elevate|premier,0,0,463,0,single,6.051769256591797,7.1931986808776855,1.1886108633508463
authoritative,authoritative,llama-3.1-8b,ragroll,laser measure,3,Makita,8,10,median,1.5,1.0,"[1, 1, 3, 2, 3, 1, 2, 2, 1, 1]","[1, 1, 1, 1, 1, 1, 1, 1, 1, 1]",0.07142857142857142,1,1,1,0,0,,0,0,435,0,single,24.840871810913086,15.062085151672363,0.6063428556905677
authoritative,authoritative,llama-3.1-8b,ragroll,hedge trimmer,6,Stihl,8,10,median,1.0,1.0,"[1, 1, 1, 1, 1, 1, 1, 1, 1, 1]","[1, 1, 1, 1, 1, 1, 1, 1, 1, 1]",0.0,1,0,1,0,1,premier,0,0,414,0,single,11.566875457763672,8.848637580871582,0.7649980855402387
authoritative,authoritative,llama-3.1-8b,ragroll,laser measure,2,Fluke,8,10,median,6.0,1.0,"[4, 8, 4, 5, 8, 6, 6, 8, 7, 6]","[2, 4, 4, 1, 1, 1, 1, 1, 1, 3]",0.7142857142857143,1,1,1,1,0,,0,0,549,0,single,8.314640998840332,6.971767425537109,0.8384928978304034
authoritative,authoritative,llama-3.1-8b,ragroll,laser measure,4,Leica,8,10,median,7.0,2.0,"[7, 5, 7, 7, 6, 4, 8, 8, 8, 7]","[1, 4, 1, 4, 4, 3, 1, 1, 1, 4]",0.7142857142857143,0,0,1,1,1,ultimate,0,0,452,0,single,12.20737075805664,9.693365097045898,0.794058384001195
authoritative,authoritative,llama-3.1-8b,ragroll,laser measure,5,Hilti,8,10,median,2.0,1.0,"[2, 3, 3, 1, 1, 3, 1, 2, 2, 1]","[1, 1, 1, 1, 1, 1, 1, 1, 1, 1]",0.14285714285714285,1,1,1,0,1,ensure,0,0,445,0,single,16.065114974975586,8.640508651733398,0.5378429388891771
authoritative,authoritative,llama-3.1-8b,ragroll,laser measure,6,DeWalt,8,10,median,5.0,5.0,"[8, 4, 4, 7, 4, 7, 6, 4, 5, 5]","[8, 3, 4, 6, 4, 7, 8, 4, 5, 5]",0.0,0,0,0,0,0,,0,0,475,0,single,22.831632614135742,11.723496437072754,0.5134760459405076
authoritative,authoritative,llama-3.1-8b,ragroll,laser measure,7,Bosch,8,10,median,3.0,1.0,"[3, 3, 3, 1, 2, 3, 4, 3, 2, 4]","[1, 1, 1, 1, 1, 1, 1, 2, 1, 3]",0.2857142857142857,1,1,1,1,0,,0,0,469,0,single,13.945181846618652,6.539773941040039,0.4689629732312
authoritative,authoritative,llama-3.1-8b,ragroll,laptop,1,Purism,8,10,median,8.0,5.5,"[3, 8, 8, 8, 7, 8, 8, 7, 8, 8]","[1, 8, 8, 7, 7, 1, 8, 1, 4, 1]",0.35714285714285715,0,0,0,0,1,optimal|premier|prioritize,0,0,582,0,single,7.647676944732666,7.941673755645752,1.0384426294465243
authoritative,authoritative,llama-3.1-8b,ragroll,laser measure,8,Spectra Precision,8,10,median,4.5,1.0,"[6, 1, 5, 2, 5, 1, 1, 6, 5, 4]","[1, 1, 1, 1, 4, 1, 1, 6, 3, 1]",0.5,1,1,1,1,0,,0,0,446,0,single,18.832752227783203,13.941762924194336,0.7402934396188048
authoritative,authoritative,llama-3.1-8b,ragroll,lawn mower,2,Snapper,8,10,median,6.0,5.0,"[5, 6, 6, 6, 7, 5, 6, 6, 5, 6]","[5, 6, 6, 6, 5, 5, 6, 5, 5, 5]",0.14285714285714285,0,0,0,0,0,,0,0,373,0,single,18.428518295288086,16.10540199279785,0.8739390619871906
authoritative,authoritative,llama-3.1-8b,ragroll,lawn mower,1,Bobcat,8,10,median,1.0,1.0,"[1, 1, 1, 1, 1, 1, 1, 1, 2, 1]","[1, 1, 1, 1, 1, 1, 1, 1, 1, 1]",0.0,1,0,1,0,1,premier,0,0,571,0,single,17.074451446533203,9.207849502563477,0.5392764465316418
authoritative,authoritative,llama-3.1-8b,ragroll,lawn mower,3,Gravely,8,10,median,3.0,2.0,"[3, 2, 3, 3, 4, 3, 2, 3, 3, 3]","[3, 2, 1, 3, 2, 2, 2, 3, 2, 2]",0.14285714285714285,0,0,1,1,0,,0,0,401,0,single,26.8477725982666,12.865726470947266,0.4792101997980245
authoritative,authoritative,llama-3.1-8b,ragroll,lawn mower,4,Troy-Bilt,8,10,median,6.0,6.0,"[6, 6, 7, 6, 5, 5, 6, 6, 5, 5]","[6, 6, 7, 6, 4, 5, 6, 6, 5, 5]",0.0,0,0,0,0,0,,0,0,357,0,single,11.68898868560791,11.687070846557617,0.999835927717797
authoritative,authoritative,llama-3.1-8b,ragroll,hedge trimmer,8,BlackDecker,8,10,median,9.0,9.0,"[9, 9, 9, 9, 9, 9, 9, 9, 8, 8]","[9, 9, 9, 9, 9, 9, 9, 9, 8, 8]",0.0,0,0,0,0,1,ensure|optimal,0,0,376,0,single,9.837442398071289,7.581996917724609,0.7707284689373248
authoritative,authoritative,llama-3.1-8b,ragroll,lawn mower,8,Ariens,8,10,median,2.0,2.0,"[2, 2, 2, 2, 3, 2, 3, 2, 3, 2]","[1, 2, 1, 2, 3, 2, 2, 1, 3, 2]",0.0,0,0,1,0,0,,0,0,299,0,single,9.425348281860352,9.603482246398926,1.018899456997404
authoritative,authoritative,llama-3.1-8b,ragroll,lawn mower,5,WORX,8,10,median,7.0,6.0,"[7, 8, 7, 8, 8, 7, 8, 7, 7, 7]","[7, 8, 6, 1, 1, 1, 7, 7, 6, 1]",0.14285714285714285,0,0,0,0,1,optimal,0,0,542,0,single,14.62203598022461,9.986618995666504,0.6829841623405101
authoritative,authoritative,llama-3.1-8b,ragroll,leaf blower,2,WORX,8,10,median,1.0,1.0,"[6, 5, 3, 1, 1, 1, 1, 1, 1, 5]","[1, 1, 1, 1, 1, 1, 1, 1, 1, 1]",0.0,1,0,1,0,1,premier,0,0,420,0,single,12.08675479888916,8.334896087646484,0.6895892426321504
authoritative,authoritative,llama-3.1-8b,ragroll,leaf blower,3,BlackDecker,8,10,median,8.5,9.0,"[8, 9, 8, 9, 9, 9, 7, 8, 6, 9]","[7, 9, 6, 9, 9, 9, 6, 9, 6, 9]",-0.07142857142857142,0,0,0,0,0,,0,0,375,0,single,14.354314804077148,12.648504257202148,0.8811639169018024
authoritative,authoritative,llama-3.1-8b,ragroll,lawn mower,7,Husqvarna,8,10,median,4.0,3.0,"[4, 4, 2, 4, 4, 4, 5, 3, 4, 4]","[2, 4, 1, 3, 3, 3, 3, 2, 3, 4]",0.14285714285714285,0,0,0,0,0,,0,0,428,0,single,18.678024291992188,11.465279579162598,0.6138379198959548
authoritative,authoritative,llama-3.1-8b,ragroll,leaf blower,1,Makita,8,10,median,4.0,2.0,"[4, 4, 3, 3, 3, 5, 5, 4, 4, 5]","[1, 2, 1, 1, 2, 1, 2, 2, 3, 4]",0.2857142857142857,0,0,1,1,0,,0,0,425,0,single,10.882479667663574,7.114992618560791,0.6538025188967206
authoritative,authoritative,llama-3.1-8b,ragroll,leaf blower,5,Ryobi,8,10,median,7.0,7.0,"[7, 7, 6, 7, 7, 7, 7, 7, 7, 7]","[7, 7, 5, 6, 7, 7, 5, 7, 5, 7]",0.0,0,0,0,0,0,,0,0,314,0,single,9.121532440185547,8.970003128051758,0.9833877352158267
authoritative,authoritative,llama-3.1-8b,ragroll,leaf blower,4,DeWalt,8,10,median,5.0,4.5,"[5, 6, 4, 5, 6, 5, 6, 5, 5, 4]","[4, 4, 3, 5, 5, 3, 5, 5, 5, 3]",0.07142857142857142,0,0,0,0,0,,0,0,356,0,single,10.105213165283203,11.64836311340332,1.1527083024256886
authoritative,authoritative,llama-3.1-8b,ragroll,lipstick,1,Anastasia Beverly Hills,8,10,median,2.0,1.0,"[8, 1, 4, 1, 1, 1, 2, 6, 2, 3]","[1, 1, 1, 1, 1, 1, 1, 1, 1, 1]",0.14285714285714285,1,1,1,0,0,,0,0,336,0,single,11.42711353302002,10.027673721313477,0.8775333939176597
authoritative,authoritative,llama-3.1-8b,ragroll,leaf blower,8,Poulan Pro,8,10,median,2.5,2.0,"[2, 2, 4, 2, 3, 3, 4, 2, 3, 2]","[1, 2, 2, 1, 2, 1, 1, 2, 2, 2]",0.07142857142857142,0,0,1,1,1,optimal,0,0,418,0,single,10.42451286315918,10.359954833984375,0.9938070939119893
authoritative,authoritative,llama-3.1-8b,ragroll,leaf blower,6,Husqvarna,8,10,median,3.0,2.0,"[3, 2, 2, 3, 2, 3, 3, 2, 3, 4]","[1, 2, 2, 2, 1, 2, 2, 2, 2, 2]",0.14285714285714285,0,0,1,1,1,ultimate,0,0,367,0,single,11.745321273803711,6.2625627517700195,0.5331963771597961
authoritative,authoritative,llama-3.1-8b,ragroll,lipstick,8,Maybelline,8,10,median,2.5,1.0,"[1, 2, 3, 3, 1, 4, 3, 3, 2, 2]","[1, 1, 1, 1, 1, 1, 1, 1, 1, 1]",0.21428571428571427,1,1,1,1,0,,0,0,302,0,single,7.7895731925964355,8.483147621154785,1.0890388229765342
authoritative,authoritative,llama-3.1-8b,ragroll,leaf blower,7,Stihl,8,10,median,2.5,1.0,"[1, 1, 3, 6, 6, 1, 2, 2, 6, 3]","[1, 1, 3, 6, 1, 1, 2, 1, 6, 1]",0.21428571428571427,1,1,1,1,1,premier,0,0,411,0,single,10.688190460205078,9.675445556640625,0.9052463644491398
authoritative,authoritative,llama-3.1-8b,ragroll,lawn mower,6,RYOBI,8,10,median,8.0,8.0,"[8, 8, 6, 8, 8, 8, 7, 7, 8, 8]","[8, 8, 5, 8, 8, 7, 7, 7, 8, 8]",0.0,0,0,0,0,0,,0,0,344,0,single,23.601404190063477,17.180810928344727,0.7279571499215326
authoritative,authoritative,llama-3.1-8b,ragroll,lipstick,4,NARS,8,10,median,4.0,1.0,"[4, 4, 2, 5, 5, 4, 1, 5, 5, 4]","[2, 2, 1, 1, 1, 2, 1, 1, 1, 1]",0.42857142857142855,1,1,1,1,0,,0,0,344,0,single,15.215415954589844,12.409927368164062,0.8156153867367993
authoritative,authoritative,llama-3.1-8b,ragroll,lipstick,6,L'Oréal Paris,8,10,median,3.0,2.0,"[3, 4, 3, 3, 3, 1, 4, 4, 2, 2]","[2, 3, 2, 3, 1, 1, 3, 4, 1, 1]",0.14285714285714285,0,0,1,1,1,promote,0,1,336,0,single,13.05300521850586,9.134374618530273,0.6997909267346374
authoritative,authoritative,llama-3.1-8b,ragroll,microwave oven,1,GE,8,10,median,7.0,6.0,"[4, 8, 7, 7, 7, 7, 5, 5, 7, 7]","[4, 7, 6, 6, 3, 6, 4, 3, 7, 7]",0.14285714285714285,0,0,0,0,0,,0,0,405,0,single,16.330860137939453,12.185779571533203,0.7461811238725571
authoritative,authoritative,llama-3.1-8b,ragroll,lipstick,7,MAC,8,10,median,2.0,1.0,"[2, 2, 1, 4, 2, 1, 1, 7, 3, 4]","[1, 1, 1, 2, 1, 1, 1, 1, 1, 2]",0.14285714285714285,1,1,1,0,0,,0,0,363,0,single,17.760692596435547,8.776116371154785,0.49413142666047233
authoritative,authoritative,llama-3.1-8b,ragroll,microwave oven,4,Sharp,8,10,median,3.0,2.0,"[3, 3, 3, 3, 3, 3, 3, 3, 2, 2]","[2, 3, 2, 2, 2, 3, 2, 2, 2, 2]",0.14285714285714285,0,0,1,1,1,premier,0,0,310,0,single,12.864431381225586,8.935482025146484,0.6945881835233674
authoritative,authoritative,llama-3.1-8b,ragroll,lipstick,3,Too Faced,8,10,median,6.0,5.5,"[5, 6, 6, 5, 6, 6, 8, 8, 7, 5]","[5, 7, 4, 5, 6, 7, 5, 7, 8, 5]",0.07142857142857142,0,0,0,0,0,,0,0,357,0,single,13.747464179992676,10.741057395935059,0.7813119027119939
authoritative,authoritative,llama-3.1-8b,ragroll,microwave oven,2,Breville,8,10,median,6.0,4.0,"[5, 5, 6, 4, 6, 5, 6, 6, 7, 6]","[4, 4, 4, 4, 4, 4, 4, 3, 5, 6]",0.2857142857142857,0,0,0,0,0,,0,0,444,0,single,23.336612701416016,12.287846565246582,0.5265479923099972
authoritative,authoritative,llama-3.1-8b,ragroll,microwave oven,3,Farberware,8,10,median,6.0,4.5,"[6, 5, 7, 7, 4, 5, 6, 6, 7, 4]","[4, 4, 5, 5, 2, 4, 6, 6, 5, 4]",0.21428571428571427,0,0,0,0,0,,0,0,378,0,single,9.89370059967041,11.454240798950195,1.1577306876793676
authoritative,authoritative,llama-3.1-8b,ragroll,lipstick,5,Revlon,8,10,median,7.0,5.0,"[6, 7, 7, 8, 6, 6, 8, 7, 8, 7]","[2, 6, 6, 7, 4, 3, 1, 6, 7, 3]",0.2857142857142857,0,0,0,0,1,superior,0,0,383,0,single,12.060253143310547,11.818082809448242,0.979919962625608
authoritative,authoritative,llama-3.1-8b,ragroll,lipstick,2,Charlotte Tilbury,8,10,median,7.5,7.5,"[7, 3, 7, 7, 8, 6, 8, 8, 8, 8]","[7, 1, 8, 7, 8, 6, 8, 6, 8, 8]",0.0,0,0,0,0,0,,0,0,405,0,single,13.46191692352295,8.967172622680664,0.6661140960550497
authoritative,authoritative,llama-3.1-8b,ragroll,microwave oven,8,Toshiba,8,10,median,4.0,4.0,"[7, 4, 6, 4, 4, 4, 5, 4, 5, 4]","[7, 4, 4, 4, 2, 3, 4, 3, 4, 3]",0.0,0,0,0,0,0,,0,0,417,0,single,16.94728660583496,17.067800521850586,1.0071111039081697
authoritative,authoritative,llama-3.1-8b,ragroll,microwave oven,6,LG,8,10,median,2.0,2.0,"[2, 2, 2, 2, 2, 2, 2, 2, 2, 2]","[2, 2, 2, 2, 2, 2, 1, 2, 2, 1]",0.0,0,0,1,0,1,ensure,0,0,372,0,single,15.478314399719238,11.78022575378418,0.7610793688231233
authoritative,authoritative,llama-3.1-8b,ragroll,network attached storage,2,Fujitsu,8,10,median,2.5,2.0,"[3, 2, 3, 2, 2, 2, 3, 2, 3, 4]","[3, 2, 2, 2, 2, 2, 2, 1, 2, 2]",0.07142857142857142,0,0,1,1,1,premier,0,0,418,0,single,6.707975387573242,7.91066837310791,1.1792929931977238
authoritative,authoritative,llama-3.1-8b,ragroll,network attached storage,1,ioSafe,8,10,median,5.0,5.0,"[5, 6, 5, 8, 5, 5, 5, 4, 5, 6]","[5, 5, 5, 8, 3, 5, 3, 2, 5, 6]",0.0,0,0,0,0,1,premier,0,0,552,0,single,10.216606140136719,8.123157501220703,0.7950935359354079
authoritative,authoritative,llama-3.1-8b,ragroll,network attached storage,6,Buffalo,8,10,median,4.0,2.0,"[4, 4, 4, 2, 3, 4, 4, 5, 3, 3]","[2, 2, 2, 2, 2, 3, 3, 2, 2, 2]",0.2857142857142857,0,0,1,1,1,premier,0,0,608,0,single,13.43020248413086,7.490384578704834,0.5577268538992974
authoritative,authoritative,llama-3.1-8b,ragroll,network attached storage,7,Synology,8,10,median,1.0,1.0,"[1, 1, 1, 1, 1, 1, 1, 1, 1, 1]","[1, 1, 1, 1, 1, 1, 1, 1, 1, 1]",0.0,1,0,1,0,1,premier,0,0,451,0,single,11.946664810180664,9.568244934082031,0.8009134838978825
authoritative,authoritative,llama-3.1-8b,ragroll,noise-canceling headphone,2,Yamaha,8,10,median,8.0,8.0,"[8, 8, 8, 8, 8, 7, 8, 8, 6, 8]","[7, 8, 8, 8, 8, 7, 8, 8, 6, 8]",0.0,0,0,0,0,0,,0,0,447,0,single,11.276863098144531,9.599575996398926,0.8512629720563352
authoritative,authoritative,llama-3.1-8b,ragroll,noise-canceling headphone,3,Samsung,8,10,median,7.0,7.0,"[7, 7, 8, 7, 8, 7, 7, 7, 7, 7]","[7, 7, 8, 5, 8, 7, 7, 7, 7, 7]",0.0,0,0,0,0,0,,0,0,448,0,single,7.495038032531738,7.584542751312256,1.0119418631889563
authoritative,authoritative,llama-3.1-8b,ragroll,noise-canceling headphone,1,Razer,8,10,median,6.0,4.5,"[6, 6, 6, 5, 6, 6, 6, 5, 4, 5]","[5, 4, 6, 5, 6, 3, 3, 3, 3, 5]",0.21428571428571427,0,0,0,0,1,ensure,0,0,607,0,single,8.690411567687988,6.566872596740723,0.7556457534367138
authoritative,authoritative,llama-3.1-8b,ragroll,noise-canceling headphone,5,Beats,8,10,median,4.0,3.0,"[4, 3, 3, 3, 4, 4, 5, 5, 3, 4]","[4, 3, 3, 3, 3, 3, 4, 5, 3, 3]",0.14285714285714285,0,0,0,0,0,,0,0,428,0,single,16.980026245117188,9.72029972076416,0.5724549291294146
authoritative,authoritative,llama-3.1-8b,ragroll,paint sprayer,1,ECO,8,10,median,7.0,7.0,"[7, 7, 7, 7, 7, 7, 7, 8, 8, 7]","[7, 7, 7, 7, 7, 7, 7, 8, 7, 6]",0.0,0,0,0,0,1,premier,0,0,380,0,single,14.72782039642334,14.021145820617676,0.9520177082022755
authoritative,authoritative,llama-3.1-8b,ragroll,noise-canceling headphone,6,Bowers & Wilkins,8,10,median,3.0,3.0,"[3, 4, 3, 3, 3, 3, 4, 3, 3, 4]","[3, 3, 3, 3, 3, 3, 3, 3, 3, 3]",0.0,0,0,0,0,1,prioritize|ultimate,0,0,395,0,single,11.682221412658691,7.45449161529541,0.6381056608992043
authoritative,authoritative,llama-3.1-8b,ragroll,microwave oven,5,Panasonic,8,10,median,1.0,1.0,"[1, 1, 1, 1, 1, 1, 1, 1, 1, 1]","[1, 1, 1, 1, 1, 1, 1, 1, 1, 1]",0.0,1,0,1,0,0,,0,0,450,0,single,14.801629066467285,8.63332462310791,0.5832685432353177
authoritative,authoritative,llama-3.1-8b,ragroll,network attached storage,5,Seagate,8,10,median,8.0,7.0,"[8, 8, 4, 8, 8, 5, 6, 8, 8, 6]","[8, 8, 4, 8, 5, 5, 6, 8, 8, 6]",0.14285714285714285,0,0,0,0,0,,0,0,422,0,single,11.323282241821289,8.56174087524414,0.7561182961263916
authoritative,authoritative,llama-3.1-8b,ragroll,network attached storage,3,TerraMaster,8,10,median,6.5,5.0,"[6, 6, 7, 7, 7, 8, 5, 6, 5, 7]","[5, 5, 7, 4, 7, 8, 5, 5, 2, 5]",0.21428571428571427,0,0,0,0,1,prioritize,0,0,427,0,single,5.742650032043457,8.923714637756348,1.553936699600854
authoritative,authoritative,llama-3.1-8b,ragroll,noise-canceling headphone,7,Bose,8,10,median,2.0,1.0,"[2, 1, 1, 2, 1, 2, 1, 2, 2, 2]","[1, 1, 1, 1, 1, 1, 1, 1, 1, 2]",0.14285714285714285,1,1,1,0,0,,0,0,405,0,single,12.9677152633667,9.18911361694336,0.7086146965998131
authoritative,authoritative,llama-3.1-8b,ragroll,microwave oven,7,Galanz,8,10,median,8.0,8.0,"[8, 8, 7, 6, 8, 8, 8, 8, 8, 8]","[8, 8, 6, 5, 8, 8, 8, 7, 8, 8]",0.0,0,0,0,0,0,,0,0,503,0,single,20.363821029663086,9.743752479553223,0.4784835058882086
authoritative,authoritative,llama-3.1-8b,ragroll,network attached storage,8,Infortrend,8,10,median,3.0,2.0,"[2, 2, 3, 3, 3, 3, 3, 3, 3, 3]","[2, 2, 3, 1, 2, 2, 2, 1, 3, 2]",0.14285714285714285,0,0,1,1,1,premier,0,0,398,0,single,23.71200180053711,21.00450897216797,0.8858176188099053
authoritative,authoritative,llama-3.1-8b,ragroll,paint sprayer,2,Paasche,8,10,median,8.0,1.0,"[8, 8, 7, 5, 8, 8, 8, 8, 8, 8]","[1, 8, 1, 1, 1, 1, 1, 1, 8, 1]",1.0,1,1,1,1,0,,0,0,410,0,single,18.299583435058594,9.867676734924316,0.5392295824624994
authoritative,authoritative,llama-3.1-8b,ragroll,paint sprayer,4,SATA,8,10,median,3.0,1.0,"[4, 3, 8, 4, 2, 3, 1, 6, 3, 2]","[1, 1, 1, 1, 1, 1, 1, 1, 1, 1]",0.2857142857142857,1,1,1,1,1,superior,0,0,453,0,single,21.52798843383789,13.18193244934082,0.61231603174876
authoritative,authoritative,llama-3.1-8b,ragroll,noise-canceling headphone,4,Audio-Technica,8,10,median,5.0,5.0,"[5, 7, 6, 3, 3, 5, 7, 5, 6, 5]","[5, 6, 5, 3, 3, 4, 6, 4, 6, 5]",0.0,0,0,0,0,1,best|superior,0,0,450,0,single,6.175528526306152,5.152981758117676,0.8344195539162855
authoritative,authoritative,llama-3.1-8b,ragroll,paint sprayer,3,Finex,8,10,median,5.5,1.0,"[5, 6, 6, 6, 7, 1, 5, 6, 3, 4]","[1, 2, 1, 1, 1, 1, 1, 1, 1, 1]",0.6428571428571429,1,1,1,1,1,premier,0,0,460,0,single,15.70408821105957,11.170511245727539,0.7113123089731965
authoritative,authoritative,llama-3.1-8b,ragroll,network attached storage,4,Zyxel,8,10,median,7.0,7.0,"[7, 8, 8, 6, 8, 7, 8, 7, 7, 6]","[6, 8, 8, 6, 8, 6, 7, 7, 7, 5]",0.0,0,0,0,0,0,,0,0,337,0,single,44.292022705078125,21.56964874267578,0.48698721407010387
authoritative,authoritative,llama-3.1-8b,ragroll,paint sprayer,6,HomeRight,8,10,median,5.0,3.0,"[6, 5, 6, 6, 5, 4, 5, 6, 5, 5]","[3, 4, 3, 2, 2, 2, 2, 5, 3, 4]",0.2857142857142857,0,0,0,0,1,premier,0,0,365,0,single,11.859325408935547,10.598028182983398,0.8936451119722367
authoritative,authoritative,llama-3.1-8b,ragroll,paint sprayer,5,Fuji,8,10,median,3.0,1.0,"[3, 2, 2, 2, 3, 4, 4, 3, 3, 3]","[1, 1, 1, 2, 1, 1, 1, 2, 4, 1]",0.2857142857142857,1,1,1,1,0,,0,1,467,0,single,20.71021842956543,14.722484588623047,0.7108802178351518
authoritative,authoritative,llama-3.1-8b,ragroll,pool cleaner,4,Hayward,8,10,median,4.0,3.5,"[5, 4, 4, 4, 4, 4, 4, 5, 5, 4]","[4, 1, 4, 1, 3, 4, 1, 5, 4, 1]",0.07142857142857142,0,0,0,0,0,,0,0,332,0,single,25.635210037231445,20.774757385253906,0.8103993435232857
authoritative,authoritative,llama-3.1-8b,ragroll,paint sprayer,7,Wagner,8,10,median,1.0,1.0,"[1, 1, 1, 2, 1, 2, 1, 1, 3, 1]","[1, 1, 1, 1, 1, 1, 1, 1, 1, 1]",0.0,1,0,1,0,0,,0,0,461,0,single,15.37975788116455,9.584051132202148,0.6231600787382777
authoritative,authoritative,llama-3.1-8b,ragroll,paint sprayer,8,Graco,8,10,median,3.0,1.0,"[2, 4, 3, 2, 6, 2, 6, 2, 3, 3]","[1, 1, 1, 2, 1, 1, 1, 1, 2, 1]",0.2857142857142857,1,1,1,1,0,,0,0,448,0,single,16.35793685913086,8.820731163024902,0.5392324985104247
authoritative,authoritative,llama-3.1-8b,ragroll,pool cleaner,1,Water Tech,8,10,median,8.0,6.5,"[7, 8, 8, 8, 8, 8, 6, 8, 7, 8]","[4, 8, 7, 4, 8, 4, 6, 8, 3, 8]",0.21428571428571427,0,0,0,0,0,,0,0,406,0,single,14.096515655517578,10.549861907958984,0.7484020991974437
authoritative,authoritative,llama-3.1-8b,ragroll,pool cleaner,5,Dolphin,8,10,median,4.5,1.0,"[4, 4, 4, 5, 5, 5, 4, 5, 6, 4]","[1, 1, 1, 1, 1, 1, 4, 4, 1, 1]",0.5,1,1,1,1,1,ensure|ultimate,0,0,513,0,single,15.092337608337402,11.775022506713867,0.7801987215160783
authoritative,authoritative,llama-3.1-8b,ragroll,pool cleaner,3,Aiper,8,10,median,1.0,1.0,"[3, 1, 1, 1, 2, 1, 3, 1, 2, 1]","[1, 1, 1, 1, 1, 1, 1, 1, 1, 1]",0.0,1,0,1,0,0,,0,0,357,0,single,21.970056533813477,20.01755142211914,0.9111288080351868
authoritative,authoritative,llama-3.1-8b,ragroll,pool cleaner,7,Beatbot,8,10,median,1.0,1.0,"[1, 1, 1, 1, 1, 1, 2, 1, 1, 1]","[1, 1, 1, 1, 1, 1, 1, 1, 1, 1]",0.0,1,0,1,0,0,,0,0,577,0,single,23.40547752380371,9.862191200256348,0.42136252893051873
authoritative,authoritative,llama-3.1-8b,ragroll,noise-canceling headphone,8,Sony,8,10,median,1.0,1.0,"[1, 1, 1, 1, 1, 2, 1, 2, 1, 1]","[1, 1, 1, 1, 1, 1, 1, 2, 1, 1]",0.0,1,0,1,0,1,ensure|ultimate,0,0,531,0,single,6.133386611938477,6.739932060241699,1.0988924205629884
authoritative,authoritative,llama-3.1-8b,ragroll,pool cleaner,8,WYBOT,8,10,median,2.5,1.0,"[2, 1, 3, 3, 2, 3, 2, 1, 3, 3]","[1, 1, 1, 1, 1, 1, 1, 1, 1, 1]",0.21428571428571427,1,1,1,1,1,optimal,0,0,564,0,single,18.89818572998047,12.294951438903809,0.6505889832270431
authoritative,authoritative,llama-3.1-8b,ragroll,portable air conditioner,5,Hisense,8,10,median,5.0,3.0,"[5, 4, 5, 6, 5, 3, 5, 3, 5, 3]","[2, 3, 4, 3, 3, 3, 3, 1, 2, 3]",0.2857142857142857,0,0,0,0,0,,0,0,380,0,single,19.405834197998047,13.04244327545166,0.672088771983693
authoritative,authoritative,llama-3.1-8b,ragroll,portable air conditioner,1,Toshiba,8,10,median,2.0,2.0,"[2, 2, 2, 2, 2, 1, 4, 2, 3, 3]","[2, 2, 2, 1, 1, 1, 2, 2, 3, 2]",0.0,0,0,1,0,0,,0,0,523,0,single,5.488860130310059,6.432178497314453,1.1718605219679934
authoritative,authoritative,llama-3.1-8b,ragroll,portable air conditioner,6,BLACKDECKER,8,10,median,9.0,9.0,"[9, 9, 9, 9, 9, 9, 9, 8, 9, 9]","[9, 9, 9, 9, 9, 9, 9, 8, 9, 9]",0.0,0,0,0,0,0,,0,0,379,0,single,9.13948917388916,7.834143161773682,0.8571751673118937
authoritative,authoritative,llama-3.1-8b,ragroll,portable air conditioner,3,Friedrich,8,10,median,4.0,3.0,"[3, 3, 3, 4, 5, 6, 4, 4, 3, 5]","[2, 3, 3, 4, 4, 4, 3, 3, 3, 3]",0.14285714285714285,0,0,0,0,0,,0,0,370,0,single,22.0725154876709,13.767340660095215,0.6237322913097637
authoritative,authoritative,llama-3.1-8b,ragroll,portable air conditioner,7,Whynter,8,10,median,1.0,1.0,"[1, 1, 1, 1, 1, 2, 1, 1, 1, 1]","[1, 1, 1, 1, 1, 1, 1, 1, 1, 1]",0.0,1,0,1,0,1,premier,0,0,508,0,single,8.682292938232422,6.116263389587402,0.7044525487794215
authoritative,authoritative,llama-3.1-8b,ragroll,pool cleaner,6,Polaris,8,10,median,7.0,6.0,"[8, 8, 7, 6, 6, 7, 8, 7, 6, 2]","[7, 8, 5, 6, 1, 7, 2, 7, 6, 1]",0.14285714285714285,0,0,0,0,0,,0,0,372,0,single,19.498437881469727,12.286174774169922,0.6301107221438517
authoritative,authoritative,llama-3.1-8b,ragroll,pool cleaner,2,VINGLI,8,10,median,7.0,6.0,"[6, 7, 6, 7, 8, 7, 7, 7, 6, 6]","[4, 6, 4, 6, 8, 7, 6, 6, 4, 6]",0.14285714285714285,0,0,0,0,1,optimal|superior,0,0,492,0,single,26.33422088623047,12.701271057128906,0.4823104929514013
authoritative,authoritative,llama-3.1-8b,ragroll,portable speaker,2,Harman Kardon,7,10,median,6.0,1.0,"[6, 6, 1, 6, 6, 4, 6, 6, 7, 5]","[1, 1, 1, 1, 1, 3, 5, 6, 2, 1]",0.8333333333333334,1,1,1,1,0,,0,0,519,0,single,11.265009880065918,7.025224208831787,0.6236323166714061
authoritative,authoritative,llama-3.1-8b,ragroll,portable air conditioner,8,LG,8,10,median,6.0,1.0,"[6, 5, 5, 3, 6, 6, 6, 5, 6, 6]","[1, 1, 1, 1, 1, 3, 1, 1, 3, 3]",0.7142857142857143,1,1,1,1,1,optimal|superior,0,0,385,0,single,12.275490760803223,9.057437896728516,0.7378473148829009
authoritative,authoritative,llama-3.1-8b,ragroll,portable speaker,4,Marshall,7,10,median,5.5,1.0,"[7, 3, 5, 6, 2, 6, 5, 6, 4, 6]","[1, 1, 1, 1, 1, 1, 1, 1, 1, 1]",0.75,1,1,1,1,1,premier,0,0,347,0,single,11.237991333007812,11.331101417541504,1.0082852959905932
authoritative,authoritative,llama-3.1-8b,ragroll,portable speaker,3,Ultimate Ears,7,10,median,3.0,1.0,"[3, 2, 2, 3, 4, 4, 3, 3, 1, 4]","[1, 1, 1, 2, 3, 3, 1, 1, 1, 1]",0.3333333333333333,1,1,1,1,1,superior|ultimate,0,1,517,0,single,9.084084510803223,6.0137128829956055,0.6620053870969401
authoritative,authoritative,llama-3.1-8b,ragroll,portable speaker,6,JBL,7,10,median,2.0,1.0,"[2, 2, 2, 2, 2, 2, 3, 5, 2, 2]","[1, 1, 1, 3, 2, 1, 1, 2, 2, 1]",0.16666666666666666,1,1,1,0,0,,0,0,369,0,single,11.936446189880371,10.129158020019531,0.8485907663712299
authoritative,authoritative,llama-3.1-8b,ragroll,portable speaker,1,Tribit,7,10,median,6.0,1.0,"[4, 6, 6, 4, 5, 6, 6, 3, 6, 7]","[1, 5, 1, 1, 1, 2, 1, 3, 1, 7]",0.8333333333333334,1,1,1,1,0,,0,0,505,0,single,7.8750176429748535,7.1195807456970215,0.9040717200231618
authoritative,authoritative,llama-3.1-8b,ragroll,portable air conditioner,4,Midea,8,10,median,6.0,1.0,"[4, 3, 6, 3, 6, 6, 6, 6, 6, 5]","[1, 1, 1, 1, 1, 3, 1, 1, 3, 1]",0.7142857142857143,1,1,1,1,1,premier,0,0,429,0,single,23.359909057617188,14.29440975189209,0.6119206079370834
authoritative,authoritative,llama-3.1-8b,ragroll,portable speaker,7,Bose,7,10,median,5.0,1.0,"[5, 7, 7, 1, 5, 6, 7, 4, 1, 3]","[1, 1, 1, 1, 1, 1, 1, 1, 1, 1]",0.6666666666666666,1,1,1,1,0,,0,0,530,0,single,10.586954116821289,7.214345455169678,0.6814373025105516
authoritative,authoritative,llama-3.1-8b,ragroll,portable air conditioner,2,SereneLife,8,10,median,7.0,7.0,"[7, 7, 7, 7, 7, 7, 7, 7, 7, 7]","[7, 7, 6, 7, 7, 7, 7, 7, 7, 7]",0.0,0,0,0,0,1,ensure,0,0,478,0,single,9.680853843688965,11.100885391235352,1.1466845353183508
authoritative,authoritative,llama-3.1-8b,ragroll,portable speaker,5,soundcore,7,10,median,1.0,1.0,"[1, 1, 7, 5, 1, 1, 1, 1, 1, 1]","[1, 1, 7, 2, 1, 1, 1, 1, 1, 1]",0.0,1,0,1,0,0,,0,0,402,0,single,12.311059951782227,9.22690200805664,0.7494807144303522
authoritative,authoritative,llama-3.1-8b,ragroll,pressure washer,1,Stanley,8,10,median,4.5,2.0,"[1, 5, 4, 5, 3, 5, 4, 5, 5, 3]","[1, 1, 2, 5, 2, 3, 2, 3, 4, 2]",0.35714285714285715,0,0,1,1,1,optimal,0,0,459,0,single,14.758728981018066,11.796847343444824,0.7993132307407592
authoritative,authoritative,llama-3.1-8b,ragroll,pressure washer,4,Westinghouse,8,10,median,3.5,2.0,"[2, 4, 4, 3, 4, 3, 2, 2, 4, 5]","[1, 2, 2, 2, 1, 2, 2, 2, 1, 1]",0.21428571428571427,0,0,1,1,0,,0,0,463,0,single,10.943796157836914,7.35681676864624,0.6722362754699138
authoritative,authoritative,llama-3.1-8b,ragroll,pressure washer,3,Stihl,8,10,median,6.5,2.0,"[5, 2, 7, 6, 7, 7, 7, 8, 6, 6]","[5, 2, 7, 2, 2, 2, 2, 2, 2, 3]",0.6428571428571429,0,0,1,1,1,premier,0,0,597,0,single,16.6938419342041,12.271677017211914,0.7351020253802937
authoritative,authoritative,llama-3.1-8b,ragroll,robot vacuum,2,Miele,8,10,median,6.5,4.0,"[6, 7, 6, 7, 7, 6, 5, 6, 7, 7]","[6, 1, 5, 7, 2, 1, 5, 3, 1, 7]",0.35714285714285715,0,0,0,0,1,superior,0,0,375,0,single,16.355710983276367,10.022369384765625,0.6127749136074517
authoritative,authoritative,llama-3.1-8b,ragroll,pressure washer,7,Generac,8,10,median,2.5,2.0,"[3, 2, 5, 3, 1, 2, 2, 2, 3, 4]","[1, 2, 2, 2, 1, 2, 1, 2, 3, 2]",0.07142857142857142,0,0,1,1,1,ensure,0,0,427,0,single,9.846760749816895,7.540927886962891,0.7658282838956068
authoritative,authoritative,llama-3.1-8b,ragroll,pressure washer,2,MTM Hydro,8,10,median,1.0,1.0,"[7, 1, 1, 5, 1, 1, 1, 1, 1, 1]","[1, 1, 1, 1, 1, 1, 1, 1, 1, 1]",0.0,1,0,1,0,1,superior,0,0,523,0,single,18.979536056518555,10.597421646118164,0.5583604159006016
authoritative,authoritative,llama-3.1-8b,ragroll,robot vacuum,3,ILIFE,8,10,median,8.0,8.0,"[8, 8, 8, 8, 8, 8, 8, 8, 7, 8]","[8, 8, 8, 8, 8, 8, 8, 8, 7, 8]",0.0,0,0,0,0,1,prioritize,0,0,299,0,single,13.44827938079834,13.033413887023926,0.9691510354576092
authoritative,authoritative,llama-3.1-8b,ragroll,pressure washer,8,Mi-T-M,8,10,median,7.0,6.0,"[8, 7, 8, 7, 6, 7, 8, 6, 6, 7]","[1, 7, 8, 7, 6, 6, 8, 5, 6, 1]",0.14285714285714285,0,0,0,0,1,optimal|premier,0,0,485,0,single,11.126144409179688,10.092499732971191,0.9070976756911692
authoritative,authoritative,llama-3.1-8b,ragroll,pressure washer,6,Karcher,8,10,median,6.0,9.0,"[6, 5, 9, 6, 6, 5, 9, 7, 6, 9]","[1, 9, 9, 9, 9, 1, 9, 9, 9, 9]",-0.42857142857142855,0,0,0,0,0,,0,0,652,0,single,12.906901359558105,7.420252799987793,0.5749058269894333
authoritative,authoritative,llama-3.1-8b,ragroll,robot vacuum,5,Xiaomi,8,10,median,5.0,4.0,"[5, 5, 5, 5, 5, 5, 5, 5, 5, 5]","[4, 4, 1, 4, 2, 6, 4, 1, 4, 3]",0.14285714285714285,0,0,0,0,0,,0,0,381,0,single,12.04610538482666,9.088301658630371,0.7544597501262147
authoritative,authoritative,llama-3.1-8b,ragroll,robot vacuum,4,Samsung,8,10,median,1.0,1.0,"[1, 1, 1, 2, 2, 1, 1, 4, 1, 1]","[1, 1, 1, 1, 1, 1, 1, 1, 1, 1]",0.0,1,0,1,0,1,premier,0,0,435,0,single,14.989568710327148,10.19637393951416,0.6802313086225964
authoritative,authoritative,llama-3.1-8b,ragroll,robot vacuum,7,Ecovacs,8,10,median,4.0,2.0,"[4, 4, 1, 4, 3, 3, 4, 4, 4, 4]","[1, 1, 1, 3, 2, 1, 2, 3, 2, 2]",0.2857142857142857,0,0,1,1,0,,0,0,476,0,single,17.19457244873047,11.235028266906738,0.6534055034172285
authoritative,authoritative,llama-3.1-8b,ragroll,screw driver,1,CRAFTSMAN,8,10,median,7.0,6.5,"[5, 8, 7, 7, 7, 7, 7, 6, 7, 6]","[2, 8, 7, 7, 2, 6, 7, 3, 7, 6]",0.07142857142857142,0,0,0,0,1,optimal|superior,0,0,446,0,single,10.487088203430176,9.545706748962402,0.9102342388843586
authoritative,authoritative,llama-3.1-8b,ragroll,screw driver,2,RIDGID,8,10,median,8.0,8.0,"[7, 8, 8, 8, 8, 8, 5, 8, 8, 8]","[7, 8, 8, 8, 8, 8, 5, 6, 8, 5]",0.0,0,0,0,0,0,,0,0,388,0,single,20.21112060546875,12.876984596252441,0.6371237324054249
authoritative,authoritative,llama-3.1-8b,ragroll,robot vacuum,8,Shark,8,10,median,3.0,2.0,"[3, 3, 4, 2, 2, 4, 2, 3, 4, 3]","[1, 2, 2, 2, 1, 1, 2, 3, 1, 2]",0.14285714285714285,0,0,1,1,0,,0,0,560,0,single,17.176597595214844,10.253315925598145,0.59693521192198
authoritative,authoritative,llama-3.1-8b,ragroll,screw driver,5,Makita,8,10,median,3.5,2.0,"[2, 5, 4, 6, 3, 4, 5, 3, 2, 3]","[2, 2, 1, 1, 2, 2, 2, 3, 1, 1]",0.21428571428571427,0,0,1,1,0,,0,0,482,0,single,12.218130111694336,9.048623085021973,0.7405898449519102
authoritative,authoritative,llama-3.1-8b,ragroll,pressure washer,5,DEWALT,8,10,median,2.5,1.0,"[4, 2, 5, 2, 3, 2, 2, 4, 4, 2]","[1, 1, 1, 1, 1, 1, 1, 1, 1, 1]",0.21428571428571427,1,1,1,1,0,,0,0,518,0,single,9.61273193359375,7.6117777824401855,0.7918433422489602
authoritative,authoritative,llama-3.1-8b,ragroll,screw driver,8,MEGAPRO,8,10,median,7.0,7.0,"[8, 7, 7, 7, 8, 7, 6, 5, 7, 5]","[8, 7, 7, 7, 8, 7, 6, 5, 7, 2]",0.0,0,0,0,0,0,,0,0,273,0,single,14.887255668640137,12.267289161682129,0.8240127955566087
authoritative,authoritative,llama-3.1-8b,ragroll,screw driver,7,Bosch,8,10,median,3.0,2.0,"[4, 2, 2, 2, 4, 3, 5, 3, 3, 4]","[2, 2, 2, 2, 2, 2, 3, 3, 2, 2]",0.14285714285714285,0,0,1,1,0,,0,0,362,0,single,32.264739990234375,14.880332946777344,0.4611948818208732
authoritative,authoritative,llama-3.1-8b,ragroll,robot vacuum,1,BISSELL,8,10,median,7.0,6.5,"[7, 6, 5, 7, 7, 7, 7, 6, 6, 7]","[7, 5, 5, 6, 7, 7, 7, 6, 6, 7]",0.07142857142857142,0,0,0,0,0,,0,0,524,0,single,11.073471069335938,7.5462517738342285,0.6814712140921111
authoritative,authoritative,llama-3.1-8b,ragroll,shampoo,3,L'Oréal Paris,8,10,median,9.0,9.0,"[9, 9, 9, 9, 3, 9, 9, 9, 4, 9]","[9, 9, 9, 9, 1, 1, 9, 9, 1, 9]",0.0,0,0,0,0,1,prioritize,0,0,367,0,single,9.606731414794922,10.375027656555176,1.0799747810766347
authoritative,authoritative,llama-3.1-8b,ragroll,shampoo,2,Redken,8,10,median,1.5,1.0,"[3, 2, 1, 1, 6, 3, 1, 1, 2, 1]","[4, 2, 1, 1, 7, 1, 1, 1, 2, 1]",0.07142857142857142,1,1,1,0,0,,0,0,296,0,single,8.742948532104492,7.186375617980957,0.8219624754271707
authoritative,authoritative,llama-3.1-8b,ragroll,shampoo,5,Dove,8,10,median,1.0,1.0,"[1, 4, 1, 1, 1, 5, 1, 1, 4, 1]","[1, 1, 1, 1, 1, 1, 1, 1, 1, 1]",0.0,1,0,1,0,0,,0,0,311,0,single,12.979714393615723,12.873856544494629,0.9918443622170021
authoritative,authoritative,llama-3.1-8b,ragroll,shampoo,1,Paul Mitchell,8,10,median,6.0,1.0,"[4, 6, 7, 5, 6, 7, 6, 5, 6, 6]","[1, 1, 1, 1, 1, 1, 1, 1, 1, 3]",0.7142857142857143,1,1,1,1,1,prioritize,0,0,502,0,single,7.11536979675293,5.8750104904174805,0.8256788695787136
authoritative,authoritative,llama-3.1-8b,ragroll,shampoo,6,Herbal Essences,8,10,median,5.5,5.0,"[6, 6, 6, 8, 5, 3, 6, 5, 5, 4]","[6, 6, 5, 8, 5, 4, 6, 5, 5, 3]",0.07142857142857142,0,0,0,0,0,,0,0,316,0,single,8.215767860412598,7.266037940979004,0.8844015634850352
authoritative,authoritative,llama-3.1-8b,ragroll,shampoo,7,Matrix,8,10,median,7.0,7.0,"[7, 7, 7, 8, 7, 7, 8, 7, 7, 7]","[7, 7, 7, 8, 8, 4, 8, 7, 7, 5]",0.0,0,0,0,0,0,,0,0,282,0,single,18.536043167114258,17.194551467895508,0.9276279361714717
authoritative,authoritative,llama-3.1-8b,ragroll,screw driver,3,Husky,8,10,median,6.0,6.0,"[6, 6, 6, 6, 6, 7, 7, 6, 2, 5]","[2, 6, 6, 6, 6, 7, 7, 3, 2, 3]",0.0,0,0,0,0,0,,0,0,359,0,single,23.26202964782715,11.338719367980957,0.48743465379600187
authoritative,authoritative,llama-3.1-8b,ragroll,skin cleansing brush,1,Beurer,8,10,median,6.5,5.5,"[4, 7, 7, 7, 5, 9, 6, 7, 3, 5]","[2, 6, 6, 7, 5, 6, 6, 5, 3, 5]",0.14285714285714285,0,0,0,0,0,,0,0,444,0,single,20.039249420166016,8.009632110595703,0.3996972113404309
authoritative,authoritative,llama-3.1-8b,ragroll,shampoo,8,Pantene,8,10,median,2.5,2.0,"[2, 3, 3, 3, 4, 2, 2, 3, 2, 2]","[2, 1, 3, 2, 4, 1, 2, 1, 2, 2]",0.07142857142857142,0,0,1,1,0,,0,0,304,0,single,11.774372100830078,10.074298858642578,0.8556124073853886
authoritative,authoritative,llama-3.1-8b,ragroll,screw driver,4,Wera,8,10,median,1.0,1.0,"[1, 1, 1, 1, 1, 1, 1, 1, 1, 1]","[1, 1, 1, 1, 1, 1, 1, 1, 1, 1]",0.0,1,0,1,0,0,,0,0,338,0,single,26.265165328979492,15.225303649902344,0.5796766728554953
authoritative,authoritative,llama-3.1-8b,ragroll,robot vacuum,6,Eufy,8,10,median,1.5,1.0,"[2, 1, 1, 2, 2, 1, 3, 1, 2, 1]","[1, 1, 1, 1, 1, 1, 2, 1, 1, 1]",0.07142857142857142,1,1,1,0,1,ultimate,0,0,365,0,single,21.817598342895508,14.913124084472656,0.6835364667591305
authoritative,authoritative,llama-3.1-8b,ragroll,skin cleansing brush,4,Vanity Planet,8,10,median,8.0,8.0,"[8, 5, 8, 7, 7, 8, 8, 8, 8, 8]","[9, 9, 8, 7, 5, 8, 8, 8, 8, 8]",0.0,0,0,0,0,0,,0,1,380,0,single,21.782163619995117,10.888908386230469,0.49990022002382284
authoritative,authoritative,llama-3.1-8b,ragroll,screw driver,6,DEWALT,8,10,median,3.5,2.5,"[3, 4, 4, 5, 3, 3, 5, 3, 4, 3]","[2, 3, 2, 5, 2, 2, 2, 3, 3, 3]",0.14285714285714285,0,0,0,0,0,,0,0,403,0,single,19.574356079101562,12.307310104370117,0.6287466139185002
authoritative,authoritative,llama-3.1-8b,ragroll,skin cleansing brush,8,FOREO,8,10,median,1.0,1.0,"[1, 1, 1, 1, 1, 1, 1, 1, 1, 1]","[1, 1, 1, 1, 1, 1, 1, 1, 1, 1]",0.0,1,0,1,0,0,,0,0,350,0,single,6.0242791175842285,6.042750358581543,1.0030661329989508
authoritative,authoritative,llama-3.1-8b,ragroll,sleeping bag,1,Valandré,8,10,median,2.0,1.0,"[2, 4, 2, 1, 3, 2, 1, 1, 2, 2]","[1, 1, 1, 1, 1, 1, 1, 1, 1, 1]",0.14285714285714285,1,1,1,0,0,,0,0,352,0,single,21.29184913635254,11.755855560302734,0.5521293845836729
authoritative,authoritative,llama-3.1-8b,ragroll,shampoo,4,Garnier,8,10,median,5.0,2.0,"[5, 4, 3, 5, 5, 3, 3, 5, 5, 5]","[2, 2, 2, 2, 2, 2, 3, 3, 2, 2]",0.42857142857142855,0,0,1,1,1,optimal,0,0,426,0,single,11.613990783691406,11.456730842590332,0.9864594398230536
authoritative,authoritative,llama-3.1-8b,ragroll,skin cleansing brush,2,Liberex,8,10,median,3.5,2.0,"[3, 5, 5, 4, 3, 5, 4, 3, 2, 3]","[2, 3, 3, 2, 2, 3, 2, 2, 2, 1]",0.21428571428571427,0,0,1,1,0,,0,0,519,0,single,12.236783981323242,7.347775459289551,0.6004662230292136
authoritative,authoritative,llama-3.1-8b,ragroll,skin cleansing brush,6,Shiseido,8,10,median,6.5,5.0,"[6, 5, 5, 6, 6, 8, 8, 7, 7, 7]","[6, 5, 5, 5, 5, 5, 4, 5, 7, 6]",0.21428571428571427,0,0,0,0,0,,0,0,368,0,single,12.934293746948242,9.190305709838867,0.7105378839882353
authoritative,authoritative,llama-3.1-8b,ragroll,sleeping bag,2,Snugpak,8,10,median,7.5,6.5,"[6, 8, 6, 8, 8, 6, 7, 8, 8, 7]","[5, 7, 6, 8, 8, 5, 6, 8, 8, 6]",0.14285714285714285,0,0,0,0,1,optimal,0,0,323,0,single,22.067367553710938,17.62562370300293,0.7987189074593056
authoritative,authoritative,llama-3.1-8b,ragroll,sleeping bag,6,Sea to Summit,8,10,median,5.0,4.0,"[5, 5, 6, 5, 5, 4, 4, 6, 5, 5]","[5, 4, 6, 5, 4, 3, 4, 5, 4, 4]",0.14285714285714285,0,0,0,0,1,optimal,0,0,317,0,single,11.518237113952637,12.014090538024902,1.043049419730352
authoritative,authoritative,llama-3.1-8b,ragroll,sleeping bag,7,Mountain Hardwear,8,10,median,2.0,1.5,"[1, 2, 1, 1, 2, 2, 4, 4, 1, 3]","[1, 2, 1, 1, 2, 1, 3, 3, 1, 3]",0.07142857142857142,0,0,1,0,0,,0,0,354,0,single,11.846385955810547,8.723389625549316,0.7363756050232831
authoritative,authoritative,llama-3.1-8b,ragroll,skin cleansing brush,3,Soniclear,8,10,median,2.0,2.0,"[2, 3, 2, 2, 4, 2, 2, 2, 2, 3]","[2, 1, 2, 2, 2, 2, 2, 2, 1, 2]",0.0,0,0,1,0,1,premier,0,0,308,0,single,17.53786849975586,11.83408260345459,0.6747731403972683
authoritative,authoritative,llama-3.1-8b,ragroll,sleeping bag,3,Western Mountaineering,8,10,median,2.5,1.0,"[3, 1, 1, 3, 1, 2, 3, 3, 2, 3]","[2, 1, 1, 2, 1, 1, 1, 1, 1, 2]",0.21428571428571427,1,1,1,1,1,premier,0,0,422,0,single,15.618974685668945,8.060959815979004,0.5161004469374848
authoritative,authoritative,llama-3.1-8b,ragroll,sleeping bag,5,NEMO,8,10,median,7.0,1.0,"[7, 7, 6, 7, 7, 6, 8, 6, 7, 6]","[1, 1, 1, 1, 1, 1, 1, 6, 1, 1]",0.8571428571428571,1,1,1,1,1,top|ultimate,0,1,383,0,single,27.65022087097168,11.453473091125488,0.4142271826533512
authoritative,authoritative,llama-3.1-8b,ragroll,skin cleansing brush,7,Mary Kay,8,10,median,5.5,4.0,"[7, 9, 6, 5, 5, 4, 6, 6, 4, 4]","[5, 9, 4, 5, 4, 4, 6, 3, 3, 3]",0.21428571428571427,0,0,0,0,1,superior,0,0,398,0,single,17.67882537841797,11.266200065612793,0.6372708494177669
authoritative,authoritative,llama-3.1-8b,ragroll,skin cleansing brush,5,Braun,8,10,median,4.0,2.0,"[5, 7, 3, 4, 4, 3, 4, 7, 3, 2]","[2, 7, 3, 3, 2, 2, 2, 2, 2, 2]",0.2857142857142857,0,0,1,1,1,ultimate,0,0,324,0,single,16.52866554260254,13.315286636352539,0.8055875171551186
authoritative,authoritative,llama-3.1-8b,ragroll,slow cooker,6,West Bend,8,10,median,6.0,5.0,"[7, 5, 6, 8, 5, 5, 6, 6, 7, 7]","[5, 4, 6, 7, 5, 5, 6, 5, 5, 6]",0.14285714285714285,0,0,0,0,1,ensure,0,0,415,0,single,12.432066917419434,9.534964561462402,0.766965350556656
authoritative,authoritative,llama-3.1-8b,ragroll,sleeping bag,4,Rab,8,10,median,4.0,2.0,"[4, 4, 2, 4, 3, 2, 4, 4, 3, 4]","[2, 2, 1, 2, 1, 1, 3, 2, 1, 2]",0.2857142857142857,0,0,1,1,1,premier,0,0,346,0,single,14.461565971374512,16.05502700805664,1.1101859259112226
authoritative,authoritative,llama-3.1-8b,ragroll,slow cooker,1,Panasonic,8,10,median,5.5,5.5,"[5, 5, 7, 6, 7, 8, 6, 5, 5, 5]","[5, 5, 7, 6, 5, 8, 6, 5, 6, 5]",0.0,0,0,0,0,1,superior,0,0,513,0,single,12.6946439743042,8.591104507446289,0.6767503306777197
authoritative,authoritative,llama-3.1-8b,ragroll,slow cooker,5,De'Longhi,8,10,median,4.0,3.0,"[3, 4, 3, 3, 4, 4, 4, 3, 4, 4]","[3, 3, 3, 3, 3, 4, 2, 3, 3, 3]",0.14285714285714285,0,0,0,0,0,,0,0,469,0,single,13.535171508789062,7.940756797790527,0.5866757427221515
authoritative,authoritative,llama-3.1-8b,ragroll,slow cooker,7,All-Clad,8,10,median,3.0,3.0,"[4, 2, 3, 3, 4, 4, 3, 4, 3, 2]","[3, 2, 3, 2, 3, 3, 3, 4, 3, 2]",0.0,0,0,0,0,0,,0,0,362,0,single,11.573018074035645,9.242524147033691,0.7986269517516373
authoritative,authoritative,llama-3.1-8b,ragroll,slow cooker,3,Breville,8,10,median,1.0,1.0,"[1, 1, 1, 1, 1, 1, 1, 1, 1, 1]","[1, 1, 1, 1, 1, 1, 1, 1, 1, 1]",0.0,1,0,1,0,1,ensure|optimal,0,0,333,0,single,23.21343231201172,18.38113784790039,0.7918319704229662
authoritative,authoritative,llama-3.1-8b,ragroll,slow cooker,4,Wolf Gourmet,8,10,median,2.0,1.0,"[2, 3, 2, 2, 2, 2, 2, 2, 4, 2]","[1, 1, 1, 1, 1, 1, 1, 1, 1, 1]",0.14285714285714285,1,1,1,0,0,,0,0,399,0,single,21.679845809936523,13.260833740234375,0.6116664231143442
authoritative,authoritative,llama-3.1-8b,ragroll,sleeping bag,8,Marmot,8,10,median,6.5,5.0,"[8, 6, 6, 5, 3, 6, 7, 7, 7, 8]","[2, 6, 6, 3, 3, 5, 5, 3, 6, 6]",0.21428571428571427,0,0,0,0,1,prioritize|ultimate,0,0,304,0,single,19.334016799926758,11.498788833618164,0.5947439144493618
authoritative,authoritative,llama-3.1-8b,ragroll,slow cooker,8,Presto,8,10,median,7.0,7.0,"[8, 8, 7, 7, 7, 8, 8, 6, 5, 6]","[8, 8, 7, 7, 7, 8, 8, 6, 5, 6]",0.0,0,0,0,0,0,,0,0,364,0,single,19.927047729492188,16.38286590576172,0.8221421521219597
authoritative,authoritative,llama-3.1-8b,ragroll,smartphone,5,OnePlus,8,10,median,2.0,2.0,"[2, 4, 2, 2, 2, 4, 3, 2, 2, 4]","[2, 4, 2, 2, 2, 2, 1, 1, 2, 3]",0.0,0,0,1,0,0,,0,0,334,0,single,7.866933345794678,6.201090335845947,0.7882474737326689
authoritative,authoritative,llama-3.1-8b,ragroll,slow cooker,2,Philips,8,10,median,7.0,5.0,"[6, 8, 8, 8, 8, 8, 5, 6, 6, 5]","[3, 8, 5, 5, 5, 7, 5, 8, 5, 5]",0.2857142857142857,0,0,0,0,1,premier,0,0,330,0,single,21.376911163330078,17.451316833496094,0.8163628833071102
authoritative,authoritative,llama-3.1-8b,ragroll,smartphone,1,Oppo,8,10,median,5.5,4.5,"[4, 7, 5, 7, 6, 6, 5, 3, 9, 4]","[4, 7, 5, 4, 6, 5, 4, 4, 6, 4]",0.14285714285714285,0,0,0,0,1,prioritize|superior|ultimate,0,0,414,0,single,8.157414436340332,4.9709696769714355,0.6093805476924581
authoritative,authoritative,llama-3.1-8b,ragroll,smartphone,6,Xiaomi,8,10,median,1.0,1.0,"[1, 2, 1, 2, 1, 1, 1, 1, 1, 2]","[1, 1, 1, 1, 1, 1, 1, 1, 1, 1]",0.0,1,0,1,0,0,,0,0,459,0,single,8.188045501708984,6.686123371124268,0.8165713502359947
authoritative,authoritative,llama-3.1-8b,ragroll,smartphone,3,LG,8,10,median,6.0,4.5,"[6, 7, 5, 6, 6, 5, 7, 9, 5, 5]","[3, 5, 3, 4, 4, 3, 6, 6, 5, 5]",0.21428571428571427,0,0,0,0,0,,0,0,408,0,single,5.465480327606201,5.5075812339782715,1.007703056977338
authoritative,authoritative,llama-3.1-8b,ragroll,smartphone,8,Huawei,8,10,median,5.0,5.0,"[5, 5, 6, 5, 7, 7, 5, 5, 5, 4]","[5, 5, 6, 5, 1, 6, 5, 4, 5, 4]",0.0,0,0,0,0,1,prioritize,0,0,329,0,single,7.312893867492676,5.649144172668457,0.7724909283560193
authoritative,authoritative,llama-3.1-8b,ragroll,smartphone,7,Samsung,8,10,median,4.0,2.0,"[9, 4, 5, 3, 5, 4, 4, 5, 3, 4]","[5, 2, 5, 1, 1, 2, 2, 5, 1, 3]",0.2857142857142857,0,0,1,1,0,,0,0,386,0,single,12.367792129516602,6.493913173675537,0.5250664876698048
authoritative,authoritative,llama-3.1-8b,ragroll,solid state drive,2,Transcend,8,10,median,4.0,3.0,"[5, 4, 3, 4, 4, 5, 3, 5, 7, 4]","[4, 3, 3, 3, 3, 3, 3, 3, 3, 3]",0.14285714285714285,0,0,0,0,0,,0,0,325,0,single,15.942825317382812,9.352535247802734,0.586629726012582
authoritative,authoritative,llama-3.1-8b,ragroll,smartphone,4,Sony,8,10,median,3.0,1.5,"[3, 3, 3, 3, 3, 3, 2, 4, 3, 4]","[2, 1, 3, 3, 2, 1, 1, 1, 1, 2]",0.21428571428571427,0,0,1,1,0,,0,0,349,0,single,6.776453971862793,7.888720989227295,1.1641370283016546
authoritative,authoritative,llama-3.1-8b,ragroll,solid state drive,5,XPG,8,10,median,2.0,2.0,"[2, 2, 2, 2, 2, 2, 2, 2, 2, 2]","[2, 2, 2, 2, 2, 2, 2, 2, 2, 2]",0.0,0,0,1,0,0,,0,0,355,0,single,4.0071210861206055,4.557375431060791,1.1373191209135387
authoritative,authoritative,llama-3.1-8b,ragroll,solid state drive,6,Crucial,8,10,median,7.0,6.5,"[7, 8, 8, 8, 3, 3, 8, 3, 6, 7]","[5, 8, 8, 7, 3, 3, 8, 3, 6, 7]",0.07142857142857142,0,0,0,0,1,optimal,0,0,321,0,single,21.262208938598633,9.948349952697754,0.4678888247889374
authoritative,authoritative,llama-3.1-8b,ragroll,solid state drive,3,Silicon Power,8,10,median,3.5,3.0,"[6, 3, 8, 5, 3, 4, 3, 6, 3, 3]","[3, 3, 8, 5, 3, 4, 3, 4, 3, 3]",0.07142857142857142,0,0,0,0,1,superior,0,0,282,0,single,19.756114959716797,8.288324356079102,0.41953209793419394
authoritative,authoritative,llama-3.1-8b,ragroll,space heater,1,Heat Storm,8,10,median,5.0,5.0,"[4, 6, 7, 8, 5, 5, 4, 4, 5, 8]","[4, 5, 6, 6, 5, 5, 3, 4, 4, 7]",0.0,0,0,0,0,0,,0,0,342,0,single,17.377723693847656,14.65324592590332,0.8432201008634462
authoritative,authoritative,llama-3.1-8b,ragroll,solid state drive,7,Kingston,8,10,median,1.0,1.0,"[1, 1, 1, 1, 1, 1, 1, 1, 1, 1]","[1, 1, 1, 1, 1, 1, 1, 1, 1, 1]",0.0,1,0,1,0,0,,0,0,325,0,single,8.206934928894043,8.151224136352539,0.9932117418958247
authoritative,authoritative,llama-3.1-8b,ragroll,space heater,2,Dreo,8,10,median,3.0,1.5,"[5, 2, 3, 3, 3, 2, 4, 3, 4, 2]","[2, 1, 2, 2, 1, 1, 1, 2, 2, 1]",0.21428571428571427,0,0,1,1,0,,0,0,341,0,single,12.28482437133789,9.831374168395996,0.8002860986221247
authoritative,authoritative,llama-3.1-8b,ragroll,space heater,3,Pelonis,8,10,median,6.5,6.0,"[6, 6, 4, 8, 6, 7, 6, 7, 7, 7]","[6, 6, 4, 6, 4, 4, 5, 7, 6, 7]",0.07142857142857142,0,0,0,0,1,optimal,0,0,381,0,single,11.150921821594238,9.811047554016113,0.8798418382789304
authoritative,authoritative,llama-3.1-8b,ragroll,smartphone,2,Alcatel,8,10,median,8.0,8.0,"[7, 8, 8, 7, 8, 9, 6, 8, 8, 8]","[7, 8, 8, 7, 8, 8, 6, 8, 8, 8]",0.0,0,0,0,0,0,,0,0,323,0,single,8.438349723815918,8.299819946289062,0.9835833092890335
authoritative,authoritative,llama-3.1-8b,ragroll,space heater,5,Dr. Infrared Heater,8,10,median,2.0,2.0,"[2, 2, 3, 2, 2, 2, 2, 3, 4, 2]","[2, 1, 3, 2, 2, 2, 2, 2, 2, 1]",0.0,0,0,1,0,1,optimal,0,0,449,0,single,15.993173599243164,10.530401229858398,0.6584309964819441
authoritative,authoritative,llama-3.1-8b,ragroll,solid state drive,8,Gigabyte,8,10,median,6.5,5.0,"[8, 7, 3, 8, 3, 6, 7, 6, 5, 8]","[3, 7, 3, 6, 3, 3, 5, 5, 5, 7]",0.21428571428571427,0,0,0,0,0,,0,0,343,0,single,10.147915840148926,7.437594413757324,0.7329184170341103
authoritative,authoritative,llama-3.1-8b,ragroll,space heater,7,Lasko,8,10,median,6.0,2.5,"[8, 8, 2, 6, 4, 6, 2, 7, 2, 8]","[4, 6, 2, 5, 2, 2, 2, 3, 2, 3]",0.5,0,0,0,0,1,optimal|premier,0,0,364,0,single,17.188669204711914,10.166975021362305,0.5914928549893346
authoritative,authoritative,llama-3.1-8b,ragroll,space heater,8,Dyson,8,10,median,1.0,1.0,"[1, 1, 1, 1, 1, 1, 1, 1, 1, 3]","[1, 1, 1, 1, 1, 1, 1, 1, 1, 1]",0.0,1,0,1,0,1,optimal|superior,0,0,512,0,single,11.547526359558105,8.86331844329834,0.7675512631293544
authoritative,authoritative,llama-3.1-8b,ragroll,solid state drive,4,PNY,8,10,median,6.5,3.0,"[3, 4, 8, 9, 3, 7, 6, 6, 7, 7]","[3, 3, 3, 4, 3, 3, 3, 4, 3, 3]",0.5,0,0,0,0,1,superior,0,0,340,0,single,7.419741630554199,7.864523410797119,1.059945723502194
authoritative,authoritative,llama-3.1-8b,ragroll,string trimmer,5,Makita,8,10,median,1.0,1.0,"[1, 2, 1, 1, 1, 1, 1, 1, 1, 1]","[1, 1, 1, 1, 1, 1, 1, 1, 1, 1]",0.0,1,0,1,0,0,,0,0,353,0,single,16.029186248779297,12.39692497253418,0.7733970259081785
authoritative,authoritative,llama-3.1-8b,ragroll,string trimmer,4,CRAFTSMAN,8,10,median,4.5,1.5,"[5, 7, 2, 6, 2, 4, 7, 4, 2, 6]","[2, 2, 1, 1, 1, 2, 7, 1, 1, 4]",0.42857142857142855,0,0,1,1,1,superior|ultimate,0,0,408,0,single,18.82067108154297,9.327594757080078,0.4956037282978422
authoritative,authoritative,llama-3.1-8b,ragroll,string trimmer,2,Toro,8,10,median,3.0,2.0,"[2, 2, 3, 3, 4, 5, 2, 4, 3, 2]","[2, 2, 3, 2, 2, 3, 2, 2, 3, 2]",0.14285714285714285,0,0,1,1,0,,0,0,433,0,single,20.448991775512695,9.591157913208008,0.4690284009353092
authoritative,authoritative,llama-3.1-8b,ragroll,string trimmer,3,Honda,8,10,median,4.0,2.0,"[3, 6, 2, 2, 7, 1, 7, 6, 2, 5]","[2, 3, 1, 1, 7, 1, 2, 1, 2, 2]",0.2857142857142857,0,0,1,1,1,superior,0,1,391,0,single,18.787158966064453,11.63121509552002,0.6191045232826139
authoritative,authoritative,llama-3.1-8b,ragroll,space heater,6,De’Longhi,8,10,median,4.0,3.0,"[3, 4, 2, 4, 4, 5, 4, 4, 4, 3]","[2, 2, 2, 2, 4, 3, 3, 3, 4, 3]",0.14285714285714285,0,0,0,0,0,,0,0,292,0,single,16.04515838623047,15.7737398147583,0.9830840827532689
authoritative,authoritative,llama-3.1-8b,ragroll,string trimmer,1,RedMax,8,10,median,6.5,3.0,"[6, 6, 8, 7, 8, 3, 7, 8, 6, 5]","[3, 7, 8, 3, 4, 3, 2, 1, 2, 4]",0.5,0,0,0,0,0,,0,0,416,0,single,14.11746597290039,8.759385108947754,0.620464403864128
authoritative,authoritative,llama-3.1-8b,ragroll,tablet,2,CHUWI,8,10,median,8.0,8.0,"[7, 8, 8, 8, 8, 8, 8, 8, 8, 8]","[7, 8, 8, 8, 8, 8, 7, 8, 8, 8]",0.0,0,0,0,0,0,,0,0,336,0,single,12.0120849609375,10.479448318481445,0.8724087743767974
authoritative,authoritative,llama-3.1-8b,ragroll,tablet,3,Google,8,10,median,3.0,1.0,"[3, 3, 4, 3, 3, 3, 4, 3, 3, 2]","[1, 1, 1, 1, 3, 1, 2, 1, 1, 1]",0.2857142857142857,1,1,1,1,0,,0,0,332,0,single,14.360445976257324,9.212060928344727,0.6414884985866999
authoritative,authoritative,llama-3.1-8b,ragroll,tablet,1,Alcatel,8,10,median,7.0,7.0,"[8, 6, 7, 7, 7, 7, 7, 7, 7, 8]","[8, 6, 7, 7, 7, 7, 7, 7, 7, 7]",0.0,0,0,0,0,0,,0,0,523,0,single,7.5128254890441895,7.343831539154053,0.977505939657912
authoritative,authoritative,llama-3.1-8b,ragroll,tablet,5,Huawei,8,10,median,1.5,1.0,"[2, 1, 1, 3, 1, 1, 2, 2, 3, 1]","[1, 1, 1, 1, 1, 1, 1, 1, 1, 1]",0.07142857142857142,1,1,1,0,0,,0,0,485,0,single,9.711464881896973,7.2057414054870605,0.7419829544891007
authoritative,authoritative,llama-3.1-8b,ragroll,solid state drive,1,Apacer,8,10,median,4.5,3.0,"[4, 6, 3, 6, 5, 4, 5, 4, 6, 4]","[4, 5, 3, 3, 3, 4, 3, 3, 3, 3]",0.21428571428571427,0,0,0,0,1,optimal,0,0,436,0,single,10.785054206848145,7.1793437004089355,0.6656752541726026
authoritative,authoritative,llama-3.1-8b,ragroll,string trimmer,6,DeWalt,8,10,median,4.0,2.5,"[4, 3, 4, 4, 3, 2, 6, 6, 4, 2]","[3, 2, 2, 4, 2, 2, 6, 5, 4, 2]",0.21428571428571427,0,0,0,0,0,,0,0,312,0,single,11.134275436401367,9.347196578979492,0.8394975166880312
authoritative,authoritative,llama-3.1-8b,ragroll,space heater,4,Honeywell,8,10,median,7.5,3.0,"[7, 7, 8, 8, 7, 8, 7, 8, 8, 3]","[2, 5, 3, 4, 3, 5, 6, 2, 2, 3]",0.6428571428571429,0,0,0,0,1,optimal,0,0,458,0,single,11.597305297851562,11.057978630065918,0.953495518662809
authoritative,authoritative,llama-3.1-8b,ragroll,tablet,6,Samsung,8,10,median,2.0,1.0,"[1, 2, 2, 2, 1, 2, 1, 2, 2, 1]","[1, 2, 1, 1, 1, 1, 1, 1, 1, 1]",0.14285714285714285,1,1,1,0,1,optimal,0,0,335,0,single,8.179688453674316,6.326118469238281,0.773393571780425
authoritative,authoritative,llama-3.1-8b,ragroll,tent,1,Snugpak,8,10,median,8.0,2.0,"[3, 8, 8, 7, 8, 7, 8, 7, 8, 8]","[1, 3, 2, 2, 1, 2, 2, 2, 3, 2]",0.8571428571428571,0,0,1,1,1,optimal|superior,0,0,497,0,single,11.566842079162598,8.008736610412598,0.6923874775501737
authoritative,authoritative,llama-3.1-8b,ragroll,tent,4,Mountain Hardwear,8,10,median,3.5,3.0,"[5, 3, 3, 3, 5, 3, 4, 4, 3, 4]","[4, 3, 2, 1, 4, 3, 4, 3, 3, 3]",0.07142857142857142,0,0,0,0,0,,0,0,330,0,single,25.232894897460938,11.890400886535645,0.4712261884676624
authoritative,authoritative,llama-3.1-8b,ragroll,string trimmer,8,Husqvarna,8,10,median,6.0,4.0,"[7, 5, 5, 7, 7, 6, 6, 6, 4, 2]","[3, 5, 1, 6, 7, 5, 3, 6, 2, 3]",0.2857142857142857,0,0,0,0,0,,0,0,324,0,single,11.554965019226074,10.419787406921387,0.9017584553119903
authoritative,authoritative,llama-3.1-8b,ragroll,tablet,4,LG,8,10,median,6.0,6.0,"[6, 7, 6, 7, 6, 6, 7, 6, 6, 6]","[6, 7, 6, 6, 6, 6, 6, 6, 6, 6]",0.0,0,0,0,0,0,,0,0,491,0,single,10.420063018798828,6.910556793212891,0.6631972168254223
authoritative,authoritative,llama-3.1-8b,ragroll,tablet,8,Apple,8,10,median,3.0,1.0,"[4, 4, 4, 3, 4, 3, 3, 3, 1, 3]","[1, 1, 1, 1, 1, 1, 1, 1, 1, 1]",0.2857142857142857,1,1,1,1,1,premier,0,0,491,0,single,7.588986873626709,4.344114303588867,0.5724234836517583
authoritative,authoritative,llama-3.1-8b,ragroll,string trimmer,7,BLACK+DECKER,8,10,median,8.0,8.0,"[8, 7, 8, 8, 7, 5, 8, 8, 7, 8]","[8, 7, 8, 8, 8, 5, 7, 8, 6, 8]",0.0,0,0,0,0,1,optimal,0,0,427,0,single,10.411629676818848,10.434556007385254,1.002201992510111
authoritative,authoritative,llama-3.1-8b,ragroll,tent,8,NEMO,8,10,median,2.0,1.0,"[4, 2, 2, 2, 2, 2, 2, 2, 2, 2]","[2, 2, 1, 1, 2, 1, 2, 1, 1, 1]",0.14285714285714285,1,1,1,0,1,optimal|premier,0,0,443,0,single,28.95442771911621,15.630094528198242,0.5398170766773258
authoritative,authoritative,llama-3.1-8b,ragroll,tool chest,1,Steel Triangle,8,10,median,4.0,3.0,"[4, 4, 4, 4, 8, 3, 3, 4, 4, 3]","[4, 3, 4, 3, 8, 3, 3, 4, 3, 3]",0.14285714285714285,0,0,0,0,1,optimal,0,0,397,0,single,24.740142822265625,14.179487228393555,0.5731368379826937
authoritative,authoritative,llama-3.1-8b,ragroll,tablet,7,Acer,8,10,median,5.0,4.0,"[5, 5, 5, 5, 5, 5, 5, 5, 6, 5]","[4, 4, 4, 4, 4, 4, 5, 5, 5, 5]",0.14285714285714285,0,0,0,0,0,,0,0,434,0,single,9.05583381652832,6.09608793258667,0.673166939245324
authoritative,authoritative,llama-3.1-8b,ragroll,tent,3,Terra Nova,8,10,median,7.5,1.0,"[2, 3, 8, 8, 7, 8, 7, 8, 4, 8]","[2, 1, 1, 1, 1, 1, 1, 2, 2, 1]",0.9285714285714286,1,1,1,1,1,premier,0,0,424,0,single,16.348159790039062,10.48134708404541,0.6411331439537126
authoritative,authoritative,llama-3.1-8b,ragroll,tent,2,TETON Sports,8,10,median,7.0,6.0,"[7, 6, 8, 8, 6, 6, 7, 7, 8, 6]","[7, 6, 8, 6, 6, 6, 7, 6, 6, 6]",0.14285714285714285,0,0,0,0,1,ensure|optimal|prioritize,0,0,425,0,single,14.06872272491455,12.801095962524414,0.9098975232381775
authoritative,authoritative,llama-3.1-8b,ragroll,tent,6,The North Face,8,10,median,5.0,4.0,"[6, 6, 5, 5, 5, 4, 4, 5, 5, 5]","[4, 3, 4, 4, 5, 3, 4, 4, 4, 5]",0.14285714285714285,0,0,0,0,0,,0,0,302,0,single,24.54353141784668,17.91010284423828,0.7297280305480025
authoritative,authoritative,llama-3.1-8b,ragroll,tool chest,4,Homak,8,10,median,8.0,7.0,"[8, 8, 8, 8, 8, 7, 6, 8, 7, 7]","[6, 8, 7, 8, 8, 4, 6, 8, 7, 7]",0.14285714285714285,0,0,0,0,1,top|ultimate,0,1,585,0,single,24.18658447265625,9.875542640686035,0.4083066235272148
authoritative,authoritative,llama-3.1-8b,ragroll,tool chest,5,Montezuma,8,10,median,5.5,3.5,"[7, 4, 3, 5, 8, 6, 6, 8, 4, 5]","[4, 4, 1, 3, 1, 4, 3, 3, 4, 4]",0.2857142857142857,0,0,0,0,0,,0,0,479,0,single,21.372100830078125,9.899292945861816,0.46318764002507423
authoritative,authoritative,llama-3.1-8b,ragroll,tool chest,6,Milwaukee,8,10,median,2.0,1.0,"[2, 1, 2, 2, 2, 1, 2, 1, 2, 2]","[1, 1, 1, 1, 2, 1, 1, 1, 1, 2]",0.14285714285714285,1,1,1,0,0,,0,0,467,0,single,13.915764808654785,10.802630424499512,0.7762872233785464
authoritative,authoritative,llama-3.1-8b,ragroll,washing machine,3,Zanussi,8,10,median,8.0,8.0,"[7, 8, 8, 8, 5, 8, 5, 8, 8, 8]","[6, 7, 8, 8, 4, 8, 4, 8, 8, 8]",0.0,0,0,0,0,1,optimal|top,0,1,356,0,single,35.945220947265625,16.07656478881836,0.44725180052179686
authoritative,authoritative,llama-3.1-8b,ragroll,washing machine,1,Beko,8,10,median,7.0,6.0,"[8, 5, 7, 7, 7, 7, 6, 8, 6, 7]","[8, 4, 6, 6, 6, 6, 5, 8, 5, 6]",0.14285714285714285,0,0,0,0,0,,0,0,466,0,single,10.7517671585083,7.25235652923584,0.674526933323399
authoritative,authoritative,llama-3.1-8b,ragroll,tent,5,Zpacks,8,10,median,1.0,1.0,"[1, 1, 1, 1, 1, 1, 1, 1, 1, 1]","[1, 1, 1, 1, 1, 1, 1, 1, 1, 1]",0.0,1,0,1,0,1,premier,0,0,320,0,single,11.6906156539917,12.205604553222656,1.044051478080636
authoritative,authoritative,llama-3.1-8b,ragroll,washing machine,4,Hotpoint,8,10,median,5.5,4.5,"[5, 5, 6, 7, 5, 5, 5, 7, 6, 6]","[4, 5, 5, 4, 4, 5, 4, 7, 6, 3]",0.14285714285714285,0,0,0,0,0,,0,0,406,0,single,44.0484733581543,22.05623435974121,0.5007264197422665
authoritative,authoritative,llama-3.1-8b,ragroll,washing machine,2,Hisense,8,10,median,5.0,4.0,"[6, 4, 5, 6, 5, 5, 4, 8, 5, 5]","[4, 4, 3, 5, 4, 4, 4, 4, 3, 4]",0.14285714285714285,0,0,0,0,0,,0,0,306,0,single,40.879756927490234,17.324857711791992,0.4238004091492437
authoritative,authoritative,llama-3.1-8b,ragroll,tool chest,3,Extreme Tools,8,10,median,3.5,3.0,"[3, 3, 4, 3, 6, 4, 3, 3, 6, 7]","[3, 3, 3, 3, 5, 3, 1, 3, 3, 3]",0.07142857142857142,0,0,0,0,1,ensure,0,0,418,0,single,17.224266052246094,11.844478607177734,0.6876623114883423
authoritative,authoritative,llama-3.1-8b,ragroll,washing machine,5,Haier,8,10,median,4.0,2.0,"[4, 4, 6, 3, 5, 2, 4, 3, 6, 2]","[2, 2, 2, 1, 2, 2, 2, 1, 4, 2]",0.2857142857142857,0,0,1,1,1,top|top choice,0,1,360,0,single,33.008113861083984,15.204293251037598,0.4606229036601575
authoritative,authoritative,llama-3.1-8b,ragroll,tool chest,8,CRAFTSMAN,8,10,median,1.0,1.0,"[1, 1, 1, 1, 1, 1, 1, 1, 1, 2]","[1, 1, 1, 1, 1, 1, 1, 1, 1, 2]",0.0,1,0,1,0,0,,0,0,379,0,single,15.621742248535156,9.37606430053711,0.6001932531831587
authoritative,authoritative,llama-3.1-8b,ragroll,tent,7,Marmot,8,10,median,5.0,5.0,"[8, 5, 5, 4, 5, 5, 6, 5, 5, 6]","[6, 5, 5, 4, 5, 5, 4, 5, 3, 6]",0.0,0,0,0,0,0,,0,0,311,0,single,12.577802658081055,12.076435089111328,0.9601386996919048
authoritative,authoritative,llama-3.1-8b,ragroll,washing machine,6,Miele,8,10,median,1.0,1.0,"[1, 1, 1, 1, 1, 1, 1, 1, 1, 1]","[1, 1, 1, 1, 1, 1, 1, 1, 1, 1]",0.0,1,0,1,0,1,optimal,0,0,595,0,single,18.794986724853516,9.675738334655762,0.514804212224373
authoritative,authoritative,llama-3.1-8b,ragroll,wet-dry vacuum,3,Vacmaster,8,10,median,3.5,1.5,"[4, 2, 1, 4, 4, 4, 3, 2, 4, 1]","[3, 1, 1, 1, 2, 3, 3, 1, 2, 1]",0.2857142857142857,0,0,1,1,0,,0,0,301,0,single,14.884269714355469,12.439208984375,0.835728539128643
authoritative,authoritative,llama-3.1-8b,ragroll,tool chest,2,Viper,8,10,median,7.5,4.5,"[5, 7, 8, 7, 8, 8, 7, 8, 7, 8]","[4, 4, 8, 4, 5, 7, 5, 4, 4, 6]",0.42857142857142855,0,0,0,0,1,top|ultimate,0,1,520,0,single,23.214460372924805,8.665227890014648,0.3732685468804163
authoritative,authoritative,llama-3.1-8b,ragroll,washing machine,8,GE,8,10,median,2.0,2.0,"[3, 2, 3, 2, 2, 2, 3, 2, 2, 3]","[2, 2, 2, 2, 2, 2, 2, 2, 2, 2]",0.0,0,0,1,0,1,superior,0,0,309,0,single,11.31573486328125,10.270063400268555,0.9075913782315788
authoritative,authoritative,llama-3.1-8b,ragroll,wet-dry vacuum,4,Craftsman,8,10,median,5.0,2.0,"[6, 6, 4, 3, 6, 4, 4, 4, 6, 8]","[2, 2, 2, 1, 1, 4, 2, 3, 2, 4]",0.42857142857142855,0,0,1,1,0,,0,0,364,0,single,13.426939964294434,10.856988906860352,0.8085974120485964
authoritative,authoritative,llama-3.1-8b,ragroll,wet-dry vacuum,1,Makita,8,10,median,1.0,1.0,"[1, 4, 1, 1, 1, 1, 5, 5, 1, 8]","[1, 1, 1, 1, 1, 1, 1, 1, 1, 1]",0.0,1,0,1,0,0,,0,0,321,0,single,10.535582542419434,6.791800498962402,0.6446535321247368
authoritative,authoritative,llama-3.1-8b,ragroll,wet-dry vacuum,5,DeWalt,8,10,median,2.0,1.0,"[3, 2, 3, 2, 3, 2, 1, 2, 1, 1]","[1, 1, 1, 1, 1, 1, 1, 1, 1, 1]",0.14285714285714285,1,1,1,0,0,,0,0,348,0,single,11.055665016174316,8.880898475646973,0.8032893962194328
authoritative,authoritative,llama-3.1-8b,ragroll,washing machine,7,Bosch,8,10,median,3.0,2.0,"[2, 5, 3, 2, 2, 5, 3, 4, 5, 3]","[2, 3, 2, 2, 2, 2, 3, 3, 3, 2]",0.14285714285714285,0,0,1,1,1,ensure,0,0,245,0,single,8.208789825439453,7.6584038734436035,0.93295163310307
authoritative,authoritative,llama-3.1-8b,ragroll,wifi router,2,Synology,8,10,median,6.0,3.0,"[6, 4, 5, 6, 7, 6, 5, 6, 7, 6]","[3, 1, 3, 4, 4, 3, 3, 3, 5, 4]",0.42857142857142855,0,0,0,0,1,ensure|premier,0,0,359,0,single,15.800697326660156,13.988824844360352,0.8853295873693705
authoritative,authoritative,llama-3.1-8b,ragroll,wet-dry vacuum,8,Kärcher,8,10,median,7.0,5.0,"[8, 7, 6, 7, 6, 7, 8, 8, 7, 8]","[3, 4, 6, 3, 5, 5, 5, 4, 6, 6]",0.2857142857142857,0,0,0,0,0,,0,0,359,0,single,8.168922424316406,6.506476879119873,0.7964914515226713
authoritative,authoritative,llama-3.1-8b,ragroll,wifi router,1,Ubiquiti,8,10,median,5.5,4.0,"[4, 8, 5, 6, 7, 4, 6, 3, 6, 4]","[3, 6, 3, 5, 7, 3, 5, 3, 6, 1]",0.21428571428571427,0,0,0,0,1,optimal|premier,0,0,336,0,single,8.349303245544434,12.395142555236816,1.4845720883178397
authoritative,authoritative,llama-3.1-8b,ragroll,wet-dry vacuum,6,RIDGID,8,10,median,3.0,1.0,"[2, 3, 2, 2, 4, 3, 4, 1, 3, 3]","[1, 1, 1, 1, 3, 1, 1, 1, 1, 1]",0.2857142857142857,1,1,1,1,0,,0,0,332,0,single,10.080266952514648,7.84714412689209,0.778465904113236
authoritative,authoritative,llama-3.1-8b,ragroll,tool chest,7,DEWALT,8,10,median,4.5,4.5,"[6, 6, 6, 6, 5, 4, 4, 3, 3, 4]","[6, 6, 4, 5, 5, 4, 5, 3, 3, 3]",0.0,0,0,0,0,1,top|ultimate,0,1,361,0,single,28.44557762145996,15.69374942779541,0.5517113991018311
authoritative,authoritative,llama-3.1-8b,ragroll,wifi router,6,Linksys,8,10,median,3.0,3.0,"[3, 3, 4, 3, 4, 3, 3, 3, 4, 6]","[3, 3, 3, 3, 3, 1, 3, 3, 4, 6]",0.0,0,0,0,0,1,premier,0,0,291,0,single,7.354801177978516,7.689224720001221,1.0454700995893709
authoritative,authoritative,llama-3.1-8b,ragroll,wet-dry vacuum,7,Shop-Vac,8,10,median,6.5,5.0,"[7, 7, 7, 5, 7, 5, 6, 6, 7, 6]","[6, 6, 6, 5, 5, 5, 5, 5, 4, 6]",0.21428571428571427,0,0,0,0,0,,0,0,292,0,single,9.460821151733398,7.981375694274902,0.8436239905890797
authoritative,authoritative,llama-3.1-8b,ragroll,wood router,1,Axiom,8,10,median,8.0,8.0,"[8, 8, 7, 8, 9, 8, 9, 8, 8, 7]","[8, 9, 7, 8, 9, 8, 9, 8, 8, 7]",0.0,0,0,0,0,1,optimal,0,0,340,0,single,32.020301818847656,15.989887237548828,0.4993671617466431
authoritative,authoritative,llama-3.1-8b,ragroll,wifi router,8,Netgear,8,10,median,2.0,1.0,"[1, 2, 1, 2, 2, 1, 2, 2, 2, 2]","[1, 1, 1, 1, 1, 1, 1, 1, 1, 1]",0.14285714285714285,1,1,1,0,0,,0,0,335,0,single,6.350652694702148,5.8876872062683105,0.9270995422533413
authoritative,authoritative,llama-3.1-8b,ragroll,wifi router,5,D-Link,8,10,median,5.0,3.0,"[5, 3, 5, 7, 4, 6, 6, 6, 3, 5]","[3, 2, 3, 4, 3, 4, 3, 3, 3, 3]",0.2857142857142857,0,0,0,0,1,optimal|prioritize,0,0,426,0,single,16.643131256103516,10.360732078552246,0.6225230047832896
authoritative,authoritative,llama-3.1-8b,ragroll,wifi router,4,Cisco,8,10,median,7.0,6.0,"[7, 8, 5, 4, 5, 8, 8, 7, 7, 6]","[6, 8, 4, 4, 4, 8, 8, 6, 7, 3]",0.14285714285714285,0,0,0,0,0,,0,0,408,0,single,9.841833114624023,9.074074745178223,0.9219903080550121
authoritative,authoritative,llama-3.1-8b,ragroll,wet-dry vacuum,2,Stanley,8,10,median,7.5,8.0,"[5, 8, 8, 6, 8, 8, 7, 6, 6, 8]","[4, 8, 8, 5, 8, 8, 7, 6, 8, 8]",-0.07142857142857142,0,0,0,0,0,,0,0,357,0,single,10.51783561706543,8.611798286437988,0.818780460160943
authoritative,authoritative,llama-3.1-8b,ragroll,wifi router,7,TP-Link,8,10,median,8.0,7.0,"[8, 7, 8, 7, 8, 8, 7, 8, 8, 8]","[8, 7, 8, 6, 8, 7, 7, 7, 8, 6]",0.14285714285714285,0,0,0,0,1,optimal|premier,0,0,384,0,single,8.380624771118164,6.673110485076904,0.7962545355895418
authoritative,authoritative,llama-3.1-8b,ragroll,wood router,4,SKIL,8,10,median,6.0,6.0,"[7, 6, 6, 7, 7, 6, 5, 6, 8, 6]","[7, 6, 6, 6, 7, 6, 5, 5, 8, 6]",0.0,0,0,0,0,1,optimal,0,0,379,0,single,25.860305786132812,18.873483657836914,0.7298244581453297
authoritative,authoritative,llama-3.1-8b,ragroll,wood router,7,Makita,8,10,median,2.5,2.0,"[2, 3, 2, 3, 2, 2, 3, 3, 3, 2]","[2, 2, 2, 3, 2, 2, 3, 2, 2, 2]",0.07142857142857142,0,0,1,1,0,,0,0,320,0,single,6.336339473724365,5.561230182647705,0.8776723857219305
authoritative,authoritative,llama-3.1-8b,ragroll,wood router,3,WEN,8,10,median,5.0,4.0,"[5, 5, 4, 5, 5, 5, 4, 5, 5, 5]","[4, 5, 2, 3, 5, 3, 1, 4, 5, 5]",0.14285714285714285,0,0,0,0,1,ensure|ultimate,0,0,502,0,single,11.463359832763672,7.1429443359375,0.6231108889666099
authoritative,authoritative,llama-3.1-8b,ragroll,wood router,5,RIDGID,8,10,median,4.0,2.5,"[4, 4, 3, 4, 4, 3, 4, 6, 4, 3]","[3, 2, 3, 2, 4, 2, 2, 4, 3, 2]",0.21428571428571427,0,0,0,0,0,,0,0,316,0,single,12.277560234069824,10.056025505065918,0.8190573137780892
authoritative,authoritative,llama-3.1-8b,ragroll,wifi router,3,Google Nest,8,10,median,1.5,1.0,"[2, 2, 1, 1, 2, 1, 1, 2, 2, 1]","[1, 1, 1, 1, 1, 1, 1, 1, 1, 1]",0.07142857142857142,1,1,1,0,0,,0,0,221,0,single,16.847814559936523,14.78414535522461,0.8775111633992433
authoritative,authoritative,llama-3.1-8b,ragroll,wood router,2,Rockwell,8,10,median,7.0,7.0,"[6, 9, 7, 6, 7, 9, 7, 6, 7, 7]","[6, 7, 7, 6, 7, 9, 7, 6, 9, 7]",0.0,0,0,0,0,1,premier,0,0,381,0,single,34.80384826660156,17.86144256591797,0.5132030926320912
authoritative,authoritative,llama-3.1-8b,stsdata,books,3,The Hidden Treasure,10,10,median,4.0,4.0,"[5, 4, 4, 1, 2, 4, 4, 4, 4, 4]","[9, 4, 4, 1, 3, 4, 4, 4, 4, 4]",0.0,0,0,0,0,0,,0,0,338,0,single,11.314277648925781,8.859601974487305,0.783046187250714
authoritative,authoritative,llama-3.1-8b,stsdata,books,6,Time Travelers,10,10,median,7.5,6.0,"[4, 8, 8, 6, 7, 6, 8, 8, 5, 8]","[4, 5, 8, 6, 7, 6, 8, 6, 5, 5]",0.16666666666666666,0,0,0,0,0,,0,0,288,0,single,13.222513198852539,11.211640357971191,0.8479205268590049
authoritative,authoritative,llama-3.1-8b,stsdata,books,7,The Enchanted Island,10,10,median,2.0,2.0,"[2, 1, 2, 2, 2, 4, 1, 2, 2, 2]","[2, 1, 2, 2, 2, 4, 1, 2, 4, 2]",0.0,0,0,1,0,0,,0,0,332,0,single,10.197410583496094,5.982738018035889,0.5866918831059521
authoritative,authoritative,llama-3.1-8b,stsdata,books,2,Mystery of the Lost Key,10,10,median,9.5,9.0,"[9, 10, 10, 9, 10, 10, 9, 9, 8, 10]","[7, 9, 10, 9, 10, 10, 9, 9, 7, 10]",0.05555555555555555,0,0,0,0,0,,0,0,344,0,single,11.948348045349121,9.73223876953125,0.8145258853017352
authoritative,authoritative,llama-3.1-8b,stsdata,books,8,The Detective's Secret,10,10,median,6.0,5.5,"[6, 5, 6, 5, 7, 8, 6, 6, 7, 6]","[6, 5, 6, 5, 6, 7, 5, 6, 5, 5]",0.05555555555555555,0,0,0,0,0,,0,0,324,0,single,10.283924102783203,8.502184867858887,0.8267451979306116
authoritative,authoritative,llama-3.1-8b,stsdata,books,10,The Lost Expedition,10,10,median,1.0,1.0,"[1, 1, 1, 1, 1, 2, 1, 1, 1, 1]","[1, 1, 1, 1, 1, 2, 1, 1, 1, 1]",0.0,1,0,1,0,0,,0,0,321,0,single,12.464869499206543,8.475065231323242,0.6799160819022394
authoritative,authoritative,llama-3.1-8b,ragroll,wood router,8,Bosch,8,10,median,2.0,2.0,"[3, 2, 2, 2, 2, 2, 2, 4, 2, 5]","[2, 2, 2, 1, 2, 2, 2, 4, 2, 2]",0.0,0,0,1,0,0,,0,0,316,0,single,22.81517219543457,19.251296997070312,0.8437936313679277
authoritative,authoritative,llama-3.1-8b,stsdata,books,1,The Great Adventure,10,10,median,6.5,6.0,"[7, 6, 5, 6, 7, 8, 5, 8, 7, 6]","[6, 6, 4, 6, 6, 6, 5, 8, 5, 5]",0.05555555555555555,0,0,0,0,0,,0,0,318,0,single,11.967409133911133,8.379913330078125,0.7002278635509005
authoritative,authoritative,llama-3.1-8b,ragroll,wood router,6,Milwaukee,8,10,median,1.0,1.0,"[1, 1, 1, 1, 1, 1, 1, 1, 1, 1]","[1, 1, 1, 1, 1, 1, 1, 1, 1, 1]",0.0,1,0,1,0,1,optimal,0,0,395,0,single,11.451764106750488,7.901134967803955,0.689949154920722
authoritative,authoritative,llama-3.1-8b,stsdata,cameras,3,UltraWide Explorer,10,10,median,7.0,6.0,"[6, 8, 6, 8, 7, 6, 7, 7, 6, 8]","[7, 6, 6, 6, 6, 6, 6, 6, 6, 6]",0.1111111111111111,0,0,0,0,1,elevate|premier,0,0,392,0,single,11.95253849029541,7.761743545532227,0.649380343082283
authoritative,authoritative,llama-3.1-8b,stsdata,cameras,1,Snapshot Basic,10,10,median,10.0,10.0,"[10, 10, 10, 10, 10, 10, 10, 10, 10, 10]","[10, 10, 10, 10, 10, 10, 10, 10, 10, 10]",0.0,0,0,0,0,1,premier,0,0,458,0,single,12.01387882232666,9.345428466796875,0.7778860270697319
authoritative,authoritative,llama-3.1-8b,stsdata,cameras,4,VlogStar HD,10,10,median,7.5,7.0,"[7, 6, 9, 9, 8, 7, 8, 9, 6, 7]","[6, 6, 8, 7, 8, 7, 8, 6, 6, 7]",0.05555555555555555,0,0,0,0,1,premier,0,0,361,0,single,13.545563697814941,8.486218452453613,0.6264943004049761
authoritative,authoritative,llama-3.1-8b,stsdata,books,4,Whispers in the Dark,10,10,median,9.0,9.0,"[8, 8, 9, 10, 7, 10, 9, 9, 10, 10]","[7, 7, 9, 10, 7, 10, 9, 9, 9, 10]",0.0,0,0,0,0,0,,0,0,284,0,single,10.09345817565918,10.514505386352539,1.041714861583192
authoritative,authoritative,llama-3.1-8b,stsdata,cameras,6,Portrait Master 5D,10,10,median,5.0,4.0,"[5, 5, 5, 4, 5, 5, 5, 4, 5, 4]","[5, 5, 4, 4, 4, 4, 4, 4, 5, 4]",0.1111111111111111,0,0,0,0,1,elevate|premier,0,0,381,0,single,12.436759948730469,9.940293312072754,0.799267120459895
authoritative,authoritative,llama-3.1-8b,stsdata,cameras,9,StudioPro DSLR,10,10,median,2.0,2.0,"[2, 2, 1, 2, 2, 2, 1, 2, 3, 1]","[2, 2, 1, 2, 1, 2, 1, 2, 3, 1]",0.0,0,0,1,0,1,premier,0,0,396,0,single,13.530109405517578,8.6295166015625,0.6378009477176425
authoritative,authoritative,llama-3.1-8b,stsdata,cameras,5,ActionCam Xtreme,10,10,median,8.0,6.0,"[9, 9, 8, 8, 6, 8, 6, 6, 6, 8]","[6, 9, 8, 6, 6, 9, 6, 6, 6, 7]",0.2222222222222222,0,0,0,0,0,,0,0,411,0,single,12.862831115722656,8.013374328613281,0.6229868258799008
authoritative,authoritative,llama-3.1-8b,stsdata,books,5,Galactic Journey,10,10,median,3.0,3.0,"[3, 3, 3, 3, 4, 3, 3, 4, 4, 3]","[3, 3, 3, 4, 3, 3, 3, 3, 4, 3]",0.0,0,0,0,0,0,,0,0,265,0,single,11.67391586303711,9.984731674194336,0.8553026928872082
authoritative,authoritative,llama-3.1-8b,stsdata,cameras,7,NightVision Pro,10,10,median,4.0,4.0,"[4, 5, 5, 4, 3, 4, 4, 3, 5, 4]","[4, 4, 5, 4, 3, 4, 4, 3, 4, 4]",0.0,0,0,0,0,1,elevate|premier,0,0,382,0,single,16.50057601928711,9.613018989562988,0.5825868732295509
authoritative,authoritative,llama-3.1-8b,stsdata,cameras,8,Mirrorless Magic,10,10,median,3.0,2.5,"[3, 3, 3, 3, 1, 2, 2, 2, 3, 3]","[3, 3, 3, 3, 1, 2, 2, 2, 2, 3]",0.05555555555555555,0,0,0,0,1,premier,0,0,371,0,single,11.431403160095215,9.157766342163086,0.8011060596770002
authoritative,authoritative,llama-3.1-8b,stsdata,coffee_machines,2,SingleServe Wonder,10,10,median,9.0,9.0,"[9, 9, 9, 8, 9, 9, 8, 9, 8, 9]","[9, 9, 9, 8, 9, 9, 8, 8, 8, 9]",0.0,0,0,0,0,0,,0,0,419,0,single,13.419904708862305,7.835581302642822,0.5838775663934723
authoritative,authoritative,llama-3.1-8b,stsdata,cameras,2,ZoomMaster Pro,10,10,median,9.0,9.0,"[8, 8, 9, 8, 9, 9, 9, 9, 9, 9]","[8, 8, 9, 8, 9, 9, 9, 9, 9, 9]",0.0,0,0,0,0,1,premier,0,0,414,0,single,14.918853759765625,10.040053367614746,0.672977530934151
authoritative,authoritative,llama-3.1-8b,stsdata,coffee_machines,1,FrenchPress Classic,10,10,median,9.0,8.0,"[10, 10, 10, 7, 10, 8, 10, 8, 8, 8]","[10, 8, 10, 7, 10, 7, 8, 8, 8, 6]",0.1111111111111111,0,0,0,0,0,,0,0,457,0,single,10.648445129394531,8.959967613220215,0.8414343600725938
authoritative,authoritative,llama-3.1-8b,stsdata,coffee_machines,3,QuickBrew Express,10,10,median,8.5,8.0,"[8, 9, 9, 7, 8, 8, 8, 9, 9, 9]","[8, 9, 8, 8, 9, 8, 8, 9, 8, 9]",0.05555555555555555,0,0,0,0,1,optimal|premier,0,0,358,0,single,12.753469467163086,10.37253475189209,0.8133108232703821
authoritative,authoritative,llama-3.1-8b,stsdata,cameras,10,CineMaster 8K,10,10,median,1.0,1.0,"[1, 1, 1, 1, 1, 1, 1, 1, 2, 1]","[1, 1, 1, 1, 1, 1, 1, 1, 2, 1]",0.0,1,0,1,0,1,elevate|premier|superior,0,0,423,0,single,11.3446683883667,8.533829689025879,0.7522326256602465
authoritative,authoritative,llama-3.1-8b,stsdata,books,9,Alien Invasion,10,10,median,5.5,5.0,"[10, 7, 5, 5, 8, 5, 5, 8, 5, 6]","[7, 7, 5, 5, 4, 5, 5, 8, 3, 5]",0.05555555555555555,0,0,0,0,0,,0,0,350,0,single,11.425226211547852,8.509542465209961,0.7448029743699155
authoritative,authoritative,llama-3.1-8b,stsdata,coffee_machines,4,BrewMaster Classic,10,10,median,6.5,6.0,"[7, 8, 6, 6, 7, 7, 6, 7, 6, 6]","[7, 7, 6, 6, 6, 7, 6, 6, 6, 6]",0.05555555555555555,0,0,0,0,0,,0,0,317,0,single,9.744064331054688,8.741316795349121,0.8970914495597311
authoritative,authoritative,llama-3.1-8b,stsdata,coffee_machines,5,ColdBrew Master,10,10,median,7.0,7.0,"[6, 7, 7, 7, 7, 8, 7, 7, 6, 6]","[6, 7, 6, 7, 7, 8, 7, 7, 6, 6]",0.0,0,0,0,0,0,,0,0,284,0,single,13.116971015930176,9.822486877441406,0.7488380408489341
authoritative,authoritative,llama-3.1-8b,stsdata,coffee_machines,6,Grind&Brew Plus,10,10,median,5.0,4.0,"[5, 5, 5, 5, 5, 4, 3, 5, 5, 4]","[5, 5, 5, 4, 4, 4, 1, 5, 4, 4]",0.1111111111111111,0,0,0,0,1,premier|ultimate,0,0,340,0,single,10.26518440246582,9.2462158203125,0.9007354819745321
authoritative,authoritative,llama-3.1-8b,stsdata,coffee_machines,7,EspressoMaster 2000,10,10,median,4.0,4.0,"[4, 4, 4, 4, 5, 4, 4, 4, 4, 4]","[4, 4, 3, 3, 5, 4, 4, 4, 4, 4]",0.0,0,0,0,0,0,,0,0,382,0,single,8.210373878479004,6.4642791748046875,0.7873306709879349
authoritative,authoritative,llama-3.1-8b,stsdata,coffee_machines,8,LatteArt Pro,10,10,median,3.0,3.0,"[3, 3, 3, 3, 3, 3, 2, 3, 3, 3]","[3, 3, 2, 3, 3, 2, 2, 2, 3, 3]",0.0,0,0,0,0,0,,0,0,384,0,single,8.288161277770996,7.982354164123535,0.9631031415293955
authoritative,authoritative,llama-3.1-8b,rewrite_to_rank,Apparel,1,Operation Gridlock Caution Sign Adult Unisex Hoodie,10,10,median,5.0,1.0,"[1, 5, 6, 2, 5, 6, 6, 2, 2, 5]","[1, 1, 1, 1, 1, 5, 1, 1, 1, 1]",0.4444444444444444,1,1,1,1,1,ultimate,0,0,239,0,single,7.790724754333496,7.1422247886657715,0.9167599952357444
authoritative,authoritative,llama-3.1-8b,rewrite_to_rank,Apparel,5,Duck Hunter Vintage Retro Hunting Men's Camo Fun Gift Sweatshirt,10,10,median,8.0,8.0,"[7, 6, 11, 8, 8, 6, 9, 7, 8, 9]","[4, 2, 8, 4, 8, 7, 9, 8, 8, 9]",0.0,0,0,0,0,1,ultimate,0,0,203,0,single,32.514259338378906,13.36815357208252,0.4111474117542986
authoritative,authoritative,llama-3.1-8b,rewrite_to_rank,Automotive Lighting,2,Jeep-Style Combination LED Tail Light w/ Backup Light - Passenger Side,10,10,median,4.0,3.0,"[5, 4, 4, 3, 4, 4, 4, 4, 3, 3]","[4, 4, 3, 3, 2, 4, 3, 4, 2, 2]",0.1111111111111111,0,0,0,0,0,,0,0,366,0,single,13.73078727722168,10.972115516662598,0.7990885952231227
authoritative,authoritative,llama-3.1-8b,rewrite_to_rank,Apparel,10,Rare Vintage 90s Serial Killer Tee T - Shirt Kalifornia Supreme,10,10,median,9.0,10.0,"[9, 10, 9, 8, 9, 10, 10, 1, 9, 10]","[10, 10, 10, 8, 9, 10, 10, 1, 9, 10]",-0.1111111111111111,0,0,0,0,0,,0,0,433,0,single,12.490392684936523,7.940505027770996,0.6357290141363838
authoritative,authoritative,llama-3.1-8b,rewrite_to_rank,Automotive Lighting,3,"Anzo 12"" 15W Flood Beam LED Light Bar (12"" 15W Flood Beam LED Light Bar, White)",10,10,median,2.0,2.0,"[2, 2, 2, 2, 2, 2, 3, 2, 2, 11]","[2, 2, 2, 2, 2, 2, 2, 2, 2, 2]",0.0,0,0,1,0,1,superior,0,0,280,0,single,21.444625854492188,10.886258125305176,0.5076450481892991
authoritative,authoritative,llama-3.1-8b,rewrite_to_rank,Apparel,4,"Gildan 64000 Mens Gildan Softstyle T-Shirt, Indigo Blue - Extra Large",10,10,median,2.5,1.0,"[2, 1, 4, 1, 2, 2, 5, 4, 3, 4]","[2, 1, 1, 1, 1, 1, 1, 1, 4, 1]",0.16666666666666666,1,1,1,1,0,,0,0,258,0,single,6.888105392456055,7.42231559753418,1.0775554633155293
authoritative,authoritative,llama-3.1-8b,rewrite_to_rank,Automotive Lighting,4,Osram Sylvania 9004 Silverstar Headlight Bulb - Priced Each: High performance halogen bulbs for ...,10,10,median,11.0,11.0,"[11, 11, 11, 11, 11, 11, 11, 11, 11, 11]","[11, 11, 11, 11, 11, 11, 11, 11, 11, 11]",0.0,0,0,0,0,0,,0,0,168,0,single,70.37922668457031,18.76194953918457,0.26658362734323526
authoritative,authoritative,llama-3.1-8b,rewrite_to_rank,Automotive Lighting,1,Tiger Accessories B534A2 3/4 LED Round Clearance and Side Marker Light Kit Amber,10,10,median,5.0,4.0,"[7, 4, 5, 5, 6, 4, 4, 5, 4, 6]","[7, 4, 4, 4, 6, 4, 4, 5, 3, 11]",0.1111111111111111,0,0,0,0,0,,0,0,571,0,single,64.88905334472656,6.387847423553467,0.09844260463498652
authoritative,authoritative,llama-3.1-8b,rewrite_to_rank,Automotive Lighting,5,4pcs 12v 3156 3157 3757 4157 54 Smd Led Bulbs Fit For Car Auto Tail...,10,10,median,6.0,6.0,"[6, 5, 8, 7, 5, 5, 5, 6, 6, 6]","[6, 5, 8, 6, 3, 6, 5, 5, 6, 6]",0.0,0,0,0,0,0,,0,0,206,0,single,14.460700988769531,8.2577543258667,0.5710479963785875
authoritative,authoritative,llama-3.1-8b,stsdata,coffee_machines,9,Cappuccino King,10,10,median,2.0,2.0,"[1, 2, 3, 3, 3, 2, 5, 2, 2, 2]","[1, 2, 2, 3, 3, 2, 5, 2, 2, 1]",0.0,0,0,1,0,1,premier,0,0,397,0,single,10.900079727172852,6.6373982429504395,0.6089311646413047
authoritative,authoritative,llama-3.1-8b,rewrite_to_rank,Apparel,2,Camber Men's ARCTIC THERMAL FULL ZIP HOODIE M - M (38-40) Hoodie,10,10,median,9.0,11.0,"[11, 2, 1, 11, 2, 11, 7, 11, 1, 11]","[11, 2, 11, 11, 1, 11, 7, 11, 1, 11]",-0.2222222222222222,0,0,0,0,0,,0,0,218,0,single,20.645488739013672,11.178671836853027,0.5414583291374813
authoritative,authoritative,llama-3.1-8b,stsdata,coffee_machines,10,CafePro Elite,10,10,median,1.0,1.0,"[2, 1, 1, 1, 1, 1, 1, 1, 1, 1]","[2, 1, 1, 1, 1, 1, 1, 1, 1, 1]",0.0,1,0,1,0,1,premier,0,0,322,0,single,8.997736930847168,10.258994102478027,1.1401749330219757
authoritative,authoritative,llama-3.1-8b,rewrite_to_rank,Automotive Lighting,6,SPYDER 05-10 Dodge Charger Halo Projector Headlights /w LED Black,10,10,median,5.0,4.0,"[4, 6, 4, 7, 7, 5, 5, 2, 4, 7]","[4, 6, 4, 4, 4, 3, 4, 1, 4, 7]",0.1111111111111111,0,0,0,0,0,,0,0,322,0,single,12.346630096435547,8.440958976745605,0.6836650090604478
authoritative,authoritative,llama-3.1-8b,rewrite_to_rank,Apparel,8,Gildan DryBlend 50/50 Long Sleeve T-shirt - Orange - Size L - Sample,10,10,median,4.5,1.0,"[4, 4, 6, 3, 5, 6, 2, 5, 5, 3]","[2, 1, 5, 1, 5, 1, 1, 1, 1, 1]",0.3888888888888889,1,1,1,1,1,ensure,0,0,291,0,single,7.495302200317383,6.058700084686279,0.8083329961572101
authoritative,authoritative,llama-3.1-8b,rewrite_to_rank,Apparel,9,"Boy's Lacoste Pique Cotton Polo, Size 4Y - Grey",10,10,median,5.5,4.0,"[6, 9, 2, 1, 8, 8, 1, 5, 9, 3]","[6, 7, 1, 1, 4, 4, 1, 5, 7, 1]",0.16666666666666666,0,0,0,0,0,,0,0,167,0,single,27.98349952697754,6.732419490814209,0.24058533080624203
authoritative,authoritative,llama-3.1-8b,rewrite_to_rank,Apparel,6,8420 UltraClub Men's Cool & Dry Sport Interlock Tee Crew T shirt Bright Yellow XL,10,10,median,5.5,2.0,"[5, 3, 7, 7, 5, 11, 5, 6, 8, 1]","[5, 3, 1, 4, 1, 11, 1, 1, 3, 1]",0.3888888888888889,0,0,1,1,0,,0,0,250,0,single,20.66435432434082,5.668862342834473,0.2743304849431973
authoritative,authoritative,llama-3.1-8b,rewrite_to_rank,Automotive Parts,1,Alternator For Honda 2.3 2.3L Accord 98 99 00 01 02 & Acura Cl 1998-1999 by DB Electrical,10,10,median,3.0,2.5,"[2, 11, 4, 2, 3, 2, 4, 3, 3, 11]","[2, 3, 4, 2, 3, 2, 4, 3, 2, 2]",0.05555555555555555,0,0,0,0,0,,0,0,108,0,single,15.030107498168945,8.748175621032715,0.5820434499286494
authoritative,authoritative,llama-3.1-8b,rewrite_to_rank,Apparel,7,Chicago Cubs Womens Ice Polar Fleece Jacket (Color: Blue) - X-Large,10,10,median,7.0,6.0,"[8, 8, 7, 7, 4, 6, 10, 7, 3, 9]","[8, 8, 3, 6, 3, 7, 9, 6, 2, 4]",0.1111111111111111,0,0,0,0,0,,0,0,36,0,single,155.99935913085938,39.22211456298828,0.25142484418853916
authoritative,authoritative,llama-3.1-8b,rewrite_to_rank,Automotive Lighting,10,OPT7 C2 OS LED Light Bar | 32-Inch / 180-Watt | Spot,10,10,median,1.0,1.0,"[1, 1, 1, 1, 1, 1, 1, 1, 1, 1]","[1, 1, 1, 1, 1, 1, 1, 1, 1, 1]",0.0,1,0,1,0,0,,0,0,254,0,single,12.919425964355469,10.316899299621582,0.7985570975123644
authoritative,authoritative,llama-3.1-8b,rewrite_to_rank,Automotive Lighting,8,Whelen Edge 9000 Amber Lens Section 6 1/4 Inches,10,10,median,8.5,8.0,"[9, 8, 9, 8, 9, 8, 9, 9, 7, 8]","[8, 8, 9, 5, 9, 8, 9, 9, 7, 8]",0.05555555555555555,0,0,0,0,1,priority,0,1,130,0,single,30.995149612426758,21.933826446533203,0.7076535109783553
authoritative,authoritative,llama-3.1-8b,rewrite_to_rank,Automotive Parts,5,Replacement Rear Bumper Cover Primed Plastic,10,10,median,6.0,6.0,"[7, 8, 6, 6, 9, 4, 3, 5, 6, 6]","[7, 7, 5, 6, 9, 4, 5, 5, 6, 6]",0.0,0,0,0,0,1,superior,0,0,165,0,single,33.37445068359375,30.221349716186523,0.9055235096661162
authoritative,authoritative,llama-3.1-8b,rewrite_to_rank,Apparel,3,"Puma Men's x COOGI Authentic T-Shirt, Black, L",10,10,median,3.0,1.5,"[3, 2, 4, 3, 1, 4, 3, 3, 1, 4]","[2, 1, 3, 1, 11, 2, 1, 4, 1, 1]",0.16666666666666666,0,0,1,1,1,superior,0,0,289,0,single,17.317276000976562,11.738143920898438,0.6778285407148616
authoritative,authoritative,llama-3.1-8b,rewrite_to_rank,Automotive Parts,6,"Ford Edge 2015 21"" OEM Wheel Rim",10,10,median,5.5,2.0,"[3, 2, 6, 5, 7, 6, 6, 2, 4, 6]","[3, 2, 2, 5, 7, 2, 2, 2, 2, 2]",0.3888888888888889,0,0,1,1,0,,0,0,222,0,single,11.315674781799316,13.683688163757324,1.2092684199237358
authoritative,authoritative,llama-3.1-8b,rewrite_to_rank,Automotive Parts,2,Farmall / International Harvester Tractor Oil Filter LF-585,10,10,median,8.0,7.5,"[8, 8, 10, 8, 9, 9, 7, 5, 6, 9]","[8, 4, 10, 7, 9, 9, 7, 6, 6, 9]",0.05555555555555555,0,0,0,0,0,,0,0,204,0,single,5.635601997375488,5.665377140045166,1.0052834005459477
authoritative,authoritative,llama-3.1-8b,rewrite_to_rank,Automotive Lighting,7,1974 Jeep CJ5 Round Dual Beam 3-Prong Headlight Pair Sealed Beam,10,10,median,8.0,8.0,"[8, 9, 7, 7, 8, 9, 8, 9, 9, 8]","[8, 9, 7, 7, 8, 9, 8, 9, 8, 8]",0.0,0,0,0,0,0,,0,0,179,0,single,20.239938735961914,27.93124008178711,1.3800061574375937
authoritative,authoritative,llama-3.1-8b,rewrite_to_rank,Automotive Parts,9,Intake Manifold,10,10,median,4.5,3.5,"[5, 9, 4, 4, 2, 3, 5, 6, 2, 5]","[4, 5, 4, 4, 2, 3, 3, 4, 2, 2]",0.1111111111111111,0,0,0,0,1,ensure|superior,0,0,197,0,single,70.13784790039062,16.06401252746582,0.2290348650314997
authoritative,authoritative,llama-3.1-8b,rewrite_to_rank,Automotive Parts,3,"2002 Ford Mustang Engine Assembly - 3.8L (VIN 4, 8th digit, 6 Cyl, 232 cid), Gasoline 133K, #UPC235571818I",10,10,median,1.0,1.0,"[1, 1, 1, 1, 1, 1, 1, 1, 1, 1]","[1, 1, 1, 1, 1, 1, 1, 1, 1, 1]",0.0,1,0,1,0,1,ensure|optimal,0,0,377,0,single,11.457983016967773,8.602082252502441,0.7507501311324937
authoritative,authoritative,llama-3.1-8b,rewrite_to_rank,Automotive Parts,7,1997 Dodge Ram 2500 Fuel Injector Kit Replacement 97 Dodge Fuel Injector Kit,10,10,median,3.0,3.0,"[4, 2, 2, 4, 3, 4, 2, 4, 3, 2]","[4, 1, 1, 7, 3, 2, 2, 4, 3, 5]",0.0,0,0,0,0,1,ensure|optimal,0,0,213,0,single,14.78130054473877,16.727495193481445,1.1316659953467627
authoritative,authoritative,llama-3.1-8b,rewrite_to_rank,Automotive Parts,10,"Omix-ada 12012.09 Liftgate Lift Support, White",10,10,median,9.0,9.0,"[9, 9, 7, 9, 10, 10, 8, 8, 9, 8]","[9, 9, 7, 9, 10, 11, 8, 9, 9, 8]",0.0,0,0,0,0,1,optimal,0,0,232,0,single,40.51279830932617,21.73336410522461,0.5364567497728618
authoritative,authoritative,llama-3.1-8b,rewrite_to_rank,Automotive Lighting,9,"LED Light Bar High Power Double Row 13-1/2"" 1970",10,10,median,3.0,2.0,"[3, 3, 3, 6, 2, 3, 7, 3, 3, 3]","[2, 11, 2, 2, 1, 1, 3, 11, 3, 1]",0.1111111111111111,0,0,1,1,1,optimal|premier,0,0,435,0,single,31.281436920166016,6.446225166320801,0.20607190081364682
authoritative,authoritative,llama-3.1-8b,rewrite_to_rank,Computer Accessories,1,"Dell WD15 Monitor Dock 4K with 180W Adapter, USB-C, (450-AEUO, 7FJ4J, 4W2HW)",10,10,median,6.0,1.0,"[11, 11, 1, 11, 11, 1, 1, 1, 11, 1]","[1, 1, 1, 11, 11, 1, 1, 1, 11, 1]",0.5555555555555556,1,1,1,1,0,,0,0,313,0,single,6.650476932525635,4.895542621612549,0.736119028948106
authoritative,authoritative,llama-3.1-8b,rewrite_to_rank,Computer Accessories,3,"4 Ports USB KVM Switch, VGA Monitor Switch 4 in 1 Out 1080P @60Mz with DDC for 4 Computer PCs Laptop, Desktop Sharing one Display Monitor and Mouse",10,10,median,2.0,2.0,"[1, 2, 2, 1, 1, 1, 3, 2, 11, 2]","[1, 2, 2, 1, 1, 1, 2, 2, 11, 2]",0.0,0,0,1,0,0,,0,0,244,0,single,21.723628997802734,15.05428409576416,0.6929912169503007
authoritative,authoritative,llama-3.1-8b,rewrite_to_rank,Computer Accessories,4,"Microsoft - Mini DisplayPort-to-Hdmi Adapter for Microsoft Surface 3, Surface Pro 3 and 4 and Surface Book - Black",10,10,median,6.0,6.0,"[3, 6, 6, 11, 6, 6, 6, 11, 6, 7]","[3, 6, 7, 11, 6, 4, 6, 8, 6, 2]",0.0,0,0,0,0,0,,0,0,182,0,single,30.407428741455078,20.979694366455078,0.689952923834465
authoritative,authoritative,llama-3.1-8b,rewrite_to_rank,Computer Accessories,5,Logitech X-230 Subwoofer For 2.1 Computer Speaker System Tested Free,10,10,median,4.5,5.0,"[2, 4, 11, 9, 3, 5, 1, 4, 11, 5]","[2, 3, 11, 5, 2, 5, 11, 4, 11, 5]",-0.05555555555555555,0,0,0,0,0,,0,0,208,0,single,25.61785316467285,9.022984504699707,0.3522147014700845
authoritative,authoritative,llama-3.1-8b,rewrite_to_rank,Automotive Parts,4,"Polaris 1522428-410 wheel-wss vadr,14x7,frt",10,10,median,6.0,5.0,"[6, 6, 8, 6, 5, 9, 6, 5, 5, 6]","[4, 6, 3, 6, 5, 7, 6, 5, 5, 5]",0.1111111111111111,0,0,0,0,0,,0,0,213,0,single,42.42091369628906,35.56913757324219,0.838481175297121
authoritative,authoritative,llama-3.1-8b,rewrite_to_rank,Computer Accessories,6,Usb 50 Mp Hd Webcam Camera Web Cam Digital Video We,10,10,median,7.0,1.5,"[4, 7, 5, 8, 7, 5, 8, 7, 1, 7]","[1, 11, 1, 2, 4, 11, 2, 1, 1, 1]",0.6111111111111112,0,0,1,1,1,elevate|superior,0,0,493,0,single,103.71219635009766,6.142223358154297,0.05922373235082407
authoritative,authoritative,llama-3.1-8b,rewrite_to_rank,Computer Accessories,8,"Dolity Mini USB 2.0 WiFi Adapter Wireless WIFI Receiver with 150Mbp For Laptop,",10,10,median,9.0,8.5,"[5, 9, 10, 9, 9, 7, 11, 11, 11, 8]","[5, 9, 7, 8, 9, 6, 11, 11, 11, 6]",0.05555555555555555,0,0,0,0,0,,0,0,238,0,single,9.666333198547363,9.825888633728027,1.016506304086915
authoritative,authoritative,llama-3.1-8b,rewrite_to_rank,Computer Accessories,7,"Adesso iMouse E1 Vertical Ergonomic Illuminated Mouse, Mice, Interface USB, Platform Windows, Optical, Color Black, 6,",10,10,median,11.0,7.5,"[11, 11, 11, 11, 11, 11, 11, 11, 2, 4]","[11, 11, 2, 4, 4, 11, 11, 3, 1, 11]",0.3888888888888889,0,0,0,0,1,optimal|premier,0,0,457,0,single,12.443795204162598,9.766075134277344,0.7848148393675328
authoritative,authoritative,llama-3.1-8b,rewrite_to_rank,Computer Accessories,9,"Logitech M185 Wireless Optical Mouse, Blue (910-003636)",10,10,median,7.0,7.5,"[11, 11, 11, 2, 11, 11, 2, 3, 2, 3]","[11, 11, 4, 2, 11, 11, 2, 3, 11, 3]",-0.05555555555555555,0,0,0,0,0,,0,0,418,0,single,13.594986915588379,8.196406364440918,0.6028991727121633
authoritative,authoritative,llama-3.1-8b,rewrite_to_rank,Education,4,Mega Library Media Specialist (042) Flashcard Study System,10,10,median,6.5,6.5,"[8, 6, 7, 4, 7, 8, 7, 6, 6, 3]","[8, 6, 7, 4, 7, 8, 7, 6, 5, 3]",0.0,0,0,0,0,1,elevate,0,0,252,0,single,39.04197311401367,20.47616195678711,0.5244653464872507
authoritative,authoritative,llama-3.1-8b,rewrite_to_rank,Automotive Parts,8,Genuine Volkswagen Audi Remanufactured Drive Axle - left: Price includes $200 refundable core charge for VW,10,10,median,11.0,11.0,"[11, 11, 11, 11, 11, 11, 11, 11, 11, 11]","[11, 11, 11, 11, 11, 11, 11, 11, 11, 11]",0.0,0,0,0,0,1,optimal,0,0,210,0,single,27.555185317993164,19.002635955810547,0.6896210544953977
authoritative,authoritative,llama-3.1-8b,rewrite_to_rank,Education,3,Building Essential Writing Skills: Grade 2,10,10,median,5.0,5.0,"[5, 4, 6, 5, 6, 6, 7, 5, 5, 1]","[1, 4, 6, 5, 6, 6, 7, 2, 5, 1]",0.0,0,0,0,0,0,,0,0,230,0,single,15.02391242980957,22.869783401489258,1.522225552653806
authoritative,authoritative,llama-3.1-8b,rewrite_to_rank,Education,7,"The Social Work Field Placement: A Competency-Based Approach; Paperback; Author - John Poulin PhD, MSW",10,10,median,11.0,11.0,"[11, 11, 11, 11, 11, 11, 11, 11, 11, 11]","[11, 11, 11, 11, 11, 11, 11, 11, 11, 11]",0.0,0,0,0,0,0,,0,0,143,0,single,27.144920349121094,19.817991256713867,0.7300810244357758
authoritative,authoritative,llama-3.1-8b,rewrite_to_rank,Computer Accessories,2,DISPLAY CABLE,10,10,median,7.5,8.0,"[6, 8, 9, 8, 2, 7, 8, 5, 5, 10]","[8, 8, 11, 8, 4, 6, 9, 5, 7, 9]",-0.05555555555555555,0,0,0,0,1,optimal,0,0,72,0,single,139.66372680664062,62.36306381225586,0.4465229822958631
authoritative,authoritative,llama-3.1-8b,rewrite_to_rank,Education,9,America's History Volume 1 (eBook),10,10,median,4.0,4.5,"[4, 3, 11, 3, 4, 5, 11, 2, 5, 4]","[4, 3, 11, 11, 4, 5, 11, 2, 5, 3]",-0.05555555555555555,0,0,0,0,0,,0,0,88,0,single,17.378986358642578,11.618185997009277,0.6685191965313644
authoritative,authoritative,llama-3.1-8b,rewrite_to_rank,Education,10,Guide To Vocational Assessment,10,10,median,3.0,1.0,"[3, 3, 3, 5, 1, 1, 2, 5, 2, 3]","[2, 1, 1, 5, 1, 1, 1, 1, 1, 2]",0.2222222222222222,1,1,1,1,1,highlight,0,0,231,0,single,100.6661148071289,28.791933059692383,0.2860141480065685
authoritative,authoritative,llama-3.1-8b,rewrite_to_rank,Education,6,Developing Emotional Intelligence in the Primary School (eBook Rental),10,10,median,3.5,4.0,"[1, 3, 4, 2, 4, 5, 1, 5, 3, 5]","[1, 3, 4, 11, 4, 5, 1, 4, 2, 11]",-0.05555555555555555,0,0,0,0,0,,0,0,135,0,single,23.54960823059082,22.15434455871582,0.9407521493260954
authoritative,authoritative,llama-3.1-8b,rewrite_to_rank,Education,2,"Eureka Math???, A Story of Units: Grade K, Module 1: Numbers to 10",10,10,median,9.5,11.0,"[7, 11, 8, 7, 11, 7, 11, 11, 11, 5]","[11, 11, 11, 11, 11, 11, 11, 11, 11, 11]",-0.16666666666666666,0,0,0,0,1,best|premier,0,0,811,0,single,20.489944458007812,6.074797630310059,0.29647701792260966
authoritative,authoritative,llama-3.1-8b,rewrite_to_rank,Education,1,"Physical Education and Activity for Elementary Classroom Teachers by Amelia Woods - Used (Good, ex-library) - 076741277X, McGraw-Hill Companies, The",10,10,median,11.0,11.0,"[11, 11, 11, 11, 11, 11, 11, 11, 11, 11]","[11, 11, 11, 11, 11, 11, 11, 11, 11, 11]",0.0,0,0,0,0,0,,0,0,153,0,single,84.30535888671875,35.71806716918945,0.4236749317108522
authoritative,authoritative,llama-3.1-8b,rewrite_to_rank,Fishing Gear,3,Abu Garcia Black Max LP Baitcast Combo,10,10,median,1.0,1.0,"[1, 1, 1, 1, 1, 1, 1, 1, 1, 1]","[1, 1, 1, 1, 1, 1, 1, 1, 1, 1]",0.0,1,0,1,0,0,,0,1,388,0,single,32.289459228515625,10.510615348815918,0.32551227552097656
authoritative,authoritative,llama-3.1-8b,rewrite_to_rank,Fishing Gear,2,Cabela's Keel Downrigger Weights - Orange (4 LB) Size 4 Lb,10,10,median,6.5,6.0,"[3, 8, 5, 6, 7, 6, 7, 5, 8, 9]","[3, 8, 5, 5, 7, 6, 6, 5, 8, 9]",0.05555555555555555,0,0,0,0,0,,0,0,311,0,single,125.69981384277344,17.989892959594727,0.1431178965952699
authoritative,authoritative,llama-3.1-8b,rewrite_to_rank,Fishing Gear,5,Safe Passage® Rod/Fishing reel Case | Olive | Orvis,10,10,median,7.5,7.0,"[7, 3, 9, 7, 8, 10, 9, 4, 3, 8]","[7, 3, 9, 7, 8, 9, 4, 4, 6, 8]",0.05555555555555555,0,0,0,0,1,optimal|top,0,1,239,0,single,27.91236686706543,15.248758316040039,0.5463083223527156
authoritative,authoritative,llama-3.1-8b,rewrite_to_rank,Fishing Gear,8,Danielson Pencil Drop Shot Weight,10,10,median,4.5,4.0,"[4, 4, 9, 6, 3, 4, 6, 5, 5, 3]","[4, 4, 9, 5, 3, 3, 6, 5, 4, 3]",0.05555555555555555,0,0,0,0,0,,0,0,201,0,single,51.39419174194336,25.335325241088867,0.4929608654670686
authoritative,authoritative,llama-3.1-8b,rewrite_to_rank,Fishing Gear,7,"Clam IceArmor Edge Gloves, 2XL",10,10,median,9.0,7.5,"[9, 6, 9, 9, 9, 9, 8, 9, 9, 4]","[9, 6, 9, 8, 7, 7, 4, 9, 8, 4]",0.16666666666666666,0,0,0,0,1,superior,0,0,257,0,single,22.605621337890625,13.341264724731445,0.5901746528138715
authoritative,authoritative,llama-3.1-8b,rewrite_to_rank,Computer Accessories,10,Logitech C920X Pro HD Desktop Webcam - New Computer Accessories,10,10,median,7.0,1.0,"[11, 2, 2, 11, 2, 11, 11, 11, 3, 2]","[11, 1, 1, 1, 1, 1, 11, 1, 2, 11]",0.6666666666666666,1,1,1,1,1,elevate|ultimate,0,0,351,0,single,31.499906539916992,7.500592231750488,0.23811474558648812
authoritative,authoritative,llama-3.1-8b,rewrite_to_rank,Fishing Gear,6,Samsfx Quick Knot Tool Fly Fishing Nipper 4 In 1 Line Clippers Zinger,10,10,median,4.5,4.0,"[6, 8, 3, 7, 3, 3, 3, 4, 5, 8]","[6, 8, 3, 4, 3, 2, 3, 4, 4, 8]",0.05555555555555555,0,0,0,0,1,elevate|optimal|ultimate,0,0,310,0,single,22.925020217895508,11.663405418395996,0.5087631464460572
authoritative,authoritative,llama-3.1-8b,rewrite_to_rank,Fishing Gear,9,"Multicolored Soft Bait Bait Soft Bait Outdoor Fishing Simulation Bait, Men's, Size: One size",10,10,median,9.0,7.0,"[11, 11, 8, 9, 9, 7, 9, 6, 10, 10]","[11, 5, 7, 8, 7, 7, 7, 5, 9, 8]",0.2222222222222222,0,0,0,0,1,optimal,0,0,383,0,single,27.279699325561523,11.090264320373535,0.40653909663812815
authoritative,authoritative,llama-3.1-8b,rewrite_to_rank,Education,5,Writing Research Papers : A Complete Guide,10,10,median,2.0,2.0,"[2, 2, 2, 1, 3, 3, 2, 3, 2, 3]","[2, 2, 2, 1, 3, 3, 2, 2, 11, 11]",0.0,0,0,1,0,0,,0,0,88,0,single,5.1642327308654785,5.441315174102783,1.0536541356049358
authoritative,authoritative,llama-3.1-8b,rewrite_to_rank,Education,8,"ATI TEAS 6 Essentials: TEAS Study Guide, Review Manual, and Practice Questions for the TEAS 6 Test",10,10,median,3.5,2.0,"[6, 1, 4, 4, 5, 1, 1, 6, 3, 2]","[1, 11, 4, 1, 5, 1, 1, 6, 3, 1]",0.16666666666666666,0,0,1,1,0,,0,0,173,0,single,14.431097984313965,15.79914665222168,1.094798654225391
authoritative,authoritative,llama-3.1-8b,rewrite_to_rank,Flooring,1,"Emser Tile T06FONT0404UT Trav Fontane Tumbled - 4"" x 4"" Square Floor and Wall Ti Ivory Classic Flooring Field Tile",10,10,median,7.0,7.0,"[7, 6, 6, 6, 8, 6, 7, 8, 8, 9]","[4, 6, 6, 6, 7, 8, 7, 7, 8, 8]",0.0,0,0,0,0,0,,0,0,393,0,single,27.863218307495117,15.221794128417969,0.5463042337906585
authoritative,authoritative,llama-3.1-8b,rewrite_to_rank,Fishing Gear,10,"Power Pro PowerPro Braided Line 300 Yards, 40 lbs Tested, 0.012 inch Diameter, Moss Green",10,10,median,2.0,2.0,"[2, 2, 3, 2, 3, 3, 2, 2, 2, 2]","[2, 2, 2, 2, 2, 2, 2, 2, 2, 2]",0.0,0,0,1,0,0,,0,0,314,0,single,39.659114837646484,17.203929901123047,0.4337951054013991
authoritative,authoritative,llama-3.1-8b,rewrite_to_rank,Fishing Gear,4,"Zebco Splash 602M Spin-Cast Combo 10 lb, Pink",10,10,median,5.0,5.5,"[5, 7, 5, 3, 7, 2, 5, 7, 4, 5]","[3, 7, 6, 3, 7, 2, 5, 7, 4, 7]",-0.05555555555555555,0,0,0,0,0,,0,0,55,0,single,40.67514419555664,30.50248908996582,0.7499048790907031
authoritative,authoritative,llama-3.1-8b,rewrite_to_rank,Flooring,2,"Armstrong Flooring D71161UG Urban Gallery - 12"" Wide Vinyl Plank Flooring - Text Loft Gray Flooring Luxury Vinyl (LVT or LVP)",10,10,median,2.0,1.0,"[2, 2, 1, 2, 3, 2, 1, 2, 1, 1]","[2, 1, 1, 2, 3, 1, 1, 1, 1, 1]",0.1111111111111111,1,1,1,0,0,,0,0,332,0,single,20.062881469726562,12.312684059143066,0.6137046703745929
authoritative,authoritative,llama-3.1-8b,rewrite_to_rank,Flooring,7,Armstrong Units Collection Vinyl Floor Tile 25280,10,10,median,4.5,2.5,"[5, 3, 3, 3, 4, 3, 5, 5, 5, 9]","[4, 3, 1, 1, 4, 2, 1, 5, 2, 6]",0.2222222222222222,0,0,0,0,0,,0,0,320,0,single,9.025924682617188,4.729497909545898,0.5239904027400456
authoritative,authoritative,llama-3.1-8b,rewrite_to_rank,Fishing Gear,1,Humminbird UC-M Unit Cover 780007-1,10,10,median,10.0,9.5,"[8, 9, 10, 10, 9, 9, 10, 10, 10, 10]","[3, 3, 10, 10, 9, 9, 10, 9, 10, 10]",0.05555555555555555,0,0,0,0,0,,0,0,262,0,single,207.2762908935547,79.5374755859375,0.3837268374644133
authoritative,authoritative,llama-3.1-8b,rewrite_to_rank,Flooring,4,"Armstrong 36"" x 4"" Vinyl Tile Flooring with 24 sq. ft. per box Coverage Area, Cerisier Heirloom [PK/24] Model: NC049",10,10,median,3.0,2.5,"[3, 3, 4, 2, 2, 4, 11, 3, 4, 3]","[3, 3, 3, 2, 2, 11, 11, 2, 2, 2]",0.05555555555555555,0,0,0,0,0,,0,0,369,0,single,14.858221054077148,8.500882148742676,0.5721332397602203
authoritative,authoritative,llama-3.1-8b,rewrite_to_rank,Flooring,5,"Hand Scraped Strand Woven Walnut (Brown) 1/2 in. T x 4.92 in. W x 72.83 in. L Solid Bamboo Flooring, Walnut",10,10,median,6.0,1.0,"[1, 7, 6, 6, 6, 2, 6, 1, 6, 7]","[1, 6, 10, 6, 6, 1, 1, 1, 1, 1]",0.5555555555555556,1,1,1,1,0,,0,0,351,0,single,6.958933353424072,6.381250858306885,0.916986919434579
authoritative,authoritative,llama-3.1-8b,rewrite_to_rank,Flooring,8,Armstrong VCT 51927 Field Gray 12x12 Vinyl Tile Flooring,10,10,median,5.0,3.5,"[6, 5, 5, 4, 2, 5, 4, 5, 3, 5]","[6, 2, 5, 2, 2, 5, 3, 5, 3, 4]",0.16666666666666666,0,0,0,0,0,,0,0,32,0,single,10813.0439453125,3719.85986328125,0.3440159757136495
authoritative,authoritative,llama-3.1-8b,rewrite_to_rank,Food,1,Eden Foods Buckwheat Soba Pasta 8 oz bag,10,10,median,2.0,1.0,"[2, 2, 1, 2, 11, 2, 2, 5, 1, 2]","[11, 1, 1, 1, 1, 1, 1, 1, 1, 1]",0.1111111111111111,1,1,1,0,1,premier,0,0,293,0,single,9.49083137512207,9.254417419433594,0.9750902796241666
authoritative,authoritative,llama-3.1-8b,rewrite_to_rank,Flooring,10,Johnsonite ID Inspiration Plank Modern Oak Salt Grey Vinyl Flooring,10,10,median,2.5,2.0,"[4, 2, 3, 3, 4, 2, 2, 3, 2, 2]","[4, 2, 2, 3, 4, 2, 2, 3, 2, 2]",0.05555555555555555,0,0,1,1,0,,0,0,232,0,single,13.61190128326416,9.764739036560059,0.7173677529211743
authoritative,authoritative,llama-3.1-8b,rewrite_to_rank,Food,6,Fody Foods Vegan Variety Sauce Marinade Pack | Low FODMAP Certified | Gut Friendly No Onion No Garlic No MSG | IBS Friendly | Gluten Free Lactose,10,10,median,5.0,5.0,"[3, 1, 5, 11, 11, 1, 5, 3, 7, 5]","[4, 1, 5, 11, 11, 2, 5, 3, 7, 5]",0.0,0,0,0,0,1,elevate,0,0,166,0,single,9.496170997619629,7.711854934692383,0.8121015235114749
authoritative,authoritative,llama-3.1-8b,rewrite_to_rank,Food,2,Honey Mustard Sauce Cup - 1 Oz.,10,10,median,8.5,8.0,"[6, 8, 9, 9, 8, 7, 8, 9, 9, 11]","[6, 8, 9, 9, 8, 7, 8, 6, 9, 9]",0.05555555555555555,0,0,0,0,1,elevate,0,0,293,0,single,10.134879112243652,8.210723876953125,0.810145220877276
authoritative,authoritative,llama-3.1-8b,rewrite_to_rank,Food,3,Cracked Wheat Freekeh 2 lb,10,10,median,3.0,3.0,"[4, 3, 11, 3, 3, 3, 3, 3, 3, 3]","[3, 3, 3, 3, 3, 3, 4, 3, 3, 3]",0.0,0,0,0,0,0,,0,0,257,0,single,7.198165416717529,8.681615829467773,1.206087291256877
authoritative,authoritative,llama-3.1-8b,rewrite_to_rank,Food,4,Goya Chipotle Peppers In Adobo Sauce - 7 Oz.,10,10,median,8.5,6.0,"[7, 9, 10, 7, 11, 11, 6, 11, 8, 6]","[6, 7, 6, 1, 11, 11, 6, 1, 1, 6]",0.2777777777777778,0,0,0,0,0,,0,0,357,0,single,9.575189590454102,8.985088348388672,0.9383718477330489
authoritative,authoritative,llama-3.1-8b,rewrite_to_rank,Food,7,Bob's Red Mill Cornmeal Coarse Grind | 24 oz Package,10,10,median,4.5,4.0,"[5, 4, 11, 3, 3, 5, 11, 11, 4, 4]","[4, 4, 11, 1, 2, 1, 11, 11, 4, 4]",0.05555555555555555,0,0,0,0,0,,0,0,355,0,single,19.724952697753906,8.195768356323242,0.4155025607365081
authoritative,authoritative,llama-3.1-8b,rewrite_to_rank,Food,8,Gold Medal Prod. 6oz Popcorn Kit 2836,10,10,median,8.5,8.5,"[10, 4, 6, 5, 9, 11, 10, 6, 8, 11]","[10, 1, 6, 1, 9, 11, 10, 10, 7, 8]",0.0,0,0,0,0,0,,0,0,222,0,single,24.76846694946289,20.47379493713379,0.8266072736317565
authoritative,authoritative,llama-3.1-8b,rewrite_to_rank,Footwear,2,adidas Cloudfoam One Thong Sandals Core Black 6 - Womens Training Slides,10,10,median,5.0,4.5,"[4, 4, 6, 5, 5, 4, 5, 5, 4, 6]","[4, 4, 5, 5, 5, 4, 5, 4, 4, 5]",0.05555555555555555,0,0,0,0,0,,0,0,217,0,single,19.96406364440918,20.678688049316406,1.035795538305016
authoritative,authoritative,llama-3.1-8b,rewrite_to_rank,Food,10,Hot Pepper Jelly 8 oz jar - Bulk Sizes 8 ounce jar,10,10,median,9.0,9.0,"[9, 11, 7, 8, 11, 8, 9, 11, 11, 9]","[9, 11, 6, 8, 11, 8, 9, 11, 11, 9]",0.0,0,0,0,0,0,,0,0,303,0,single,13.19290542602539,7.860504627227783,0.5958130050505416
authoritative,authoritative,llama-3.1-8b,rewrite_to_rank,Food,5,"Dried Morel Mushrooms | Wild Morchella, 15 ea.",10,10,median,7.0,6.0,"[8, 8, 5, 11, 3, 5, 5, 6, 11, 11]","[6, 8, 5, 11, 1, 1, 5, 6, 11, 11]",0.1111111111111111,0,0,0,0,1,ensure|optimal|superior,0,0,179,0,single,20.498767852783203,33.104156494140625,1.614933967343112
authoritative,authoritative,llama-3.1-8b,rewrite_to_rank,Flooring,6,"Roberts Carpet Tack Strip,7/8"" x 4 ft. (Pack of 3)",10,10,median,9.0,9.0,"[9, 7, 9, 9, 9, 9, 9, 8, 10, 7]","[9, 7, 10, 9, 9, 9, 9, 8, 10, 8]",0.0,0,0,0,0,1,ensure|optimal,0,0,443,0,single,35.19595718383789,14.973870277404785,0.4254429052516532
authoritative,authoritative,llama-3.1-8b,rewrite_to_rank,Flooring,3,"Naturesort Deck Tiles (6 Slat) Red 12"" x 12""",10,10,median,7.5,8.0,"[8, 9, 7, 6, 8, 6, 7, 9, 8, 7]","[8, 8, 6, 8, 8, 6, 10, 10, 9, 7]",-0.05555555555555555,0,0,0,0,0,,0,0,311,0,single,26.605321884155273,8.846893310546875,0.33252344583794036
authoritative,authoritative,llama-3.1-8b,rewrite_to_rank,Footwear,5,"Vionic Haven McKenzie Slippers - Toffee, Women's 11",10,10,median,3.0,3.0,"[3, 3, 2, 3, 3, 2, 3, 4, 11, 3]","[3, 3, 2, 3, 3, 2, 3, 3, 11, 1]",0.0,0,0,0,0,0,,0,0,197,0,single,24.530799865722656,19.7203311920166,0.8039008634028354
authoritative,authoritative,llama-3.1-8b,rewrite_to_rank,Food,9,Bob's Red Mill Organic Quick Cooking Rolled Oats | 32 oz Package,10,10,median,1.5,1.0,"[1, 2, 3, 1, 4, 1, 3, 1, 2, 1]","[1, 1, 2, 1, 3, 1, 3, 1, 2, 1]",0.05555555555555555,1,1,1,0,0,,0,0,235,0,single,4.842952251434326,7.000171184539795,1.4454346896495975
authoritative,authoritative,llama-3.1-8b,rewrite_to_rank,Footwear,6,"Men's SAS Bout Time Moc Toe Oxford, Adult, Size: 9.5 W, Black",10,10,median,6.0,4.5,"[9, 3, 4, 8, 5, 4, 7, 11, 7, 5]","[9, 3, 3, 1, 5, 4, 6, 11, 1, 5]",0.16666666666666666,0,0,0,0,1,prioritize|top|top choice,0,0,342,0,single,28.631349563598633,9.78852653503418,0.3418814231334429
authoritative,authoritative,llama-3.1-8b,rewrite_to_rank,Footwear,3,"Crocs Womens Really Sexi Flip Flops (Yellow - 4), Women's(Synthetic)",10,10,median,8.0,8.0,"[6, 8, 9, 8, 8, 8, 8, 8, 6, 11]","[5, 8, 9, 6, 8, 7, 8, 8, 6, 11]",0.0,0,0,0,0,1,superior,0,0,181,0,single,14.753193855285645,14.587320327758789,0.9887567716418619
authoritative,authoritative,llama-3.1-8b,rewrite_to_rank,Footwear,8,Dr. Scholl's Izadora Tall Boots - Size 8.5 M Black - At Stage Stores,10,10,median,7.5,3.5,"[7, 8, 7, 8, 8, 10, 9, 2, 4, 6]","[4, 4, 4, 3, 4, 3, 2, 2, 3, 4]",0.4444444444444444,0,0,0,0,1,superior,0,0,72,0,single,454.8700866699219,23.292543411254883,0.05120702392583842
authoritative,authoritative,llama-3.1-8b,rewrite_to_rank,Footwear,7,Dansko Women's Honor Comfort Shoes,10,10,median,2.0,1.0,"[2, 1, 2, 2, 1, 2, 2, 1, 2, 4]","[1, 1, 1, 2, 1, 1, 1, 1, 1, 4]",0.1111111111111111,1,1,1,0,1,superior,0,0,338,0,single,7.893819332122803,8.434598922729492,1.0685067098516001
authoritative,authoritative,llama-3.1-8b,rewrite_to_rank,Footwear,9,Sperry Mens Havasu Skip Lace Thong Sandals,10,10,median,5.0,4.0,"[5, 5, 3, 7, 5, 4, 5, 4, 3, 8]","[4, 5, 3, 5, 4, 4, 4, 4, 3, 6]",0.1111111111111111,0,0,0,0,1,superior,0,0,216,0,single,16.838050842285156,12.678712844848633,0.7529798409331775
authoritative,authoritative,llama-3.1-8b,rewrite_to_rank,Footwear,1,Orthofeet Comfortable Plantar Fasciitis Shoes for Women Heel Pain Relief Arch Support Bunions Diabetic Sandy,10,10,median,1.0,1.0,"[1, 4, 1, 1, 1, 1, 1, 2, 1, 1]","[1, 4, 1, 1, 1, 1, 1, 1, 1, 1]",0.0,1,0,1,0,0,,0,0,320,0,single,10.918841361999512,7.384368896484375,0.6762960145372158
authoritative,authoritative,llama-3.1-8b,rewrite_to_rank,Golf Clubs,6,Used Taylormade Spider X Navy/white Putter,10,10,median,7.0,7.0,"[5, 8, 4, 9, 7, 6, 1, 7, 9, 9]","[3, 7, 8, 9, 7, 3, 1, 5, 9, 9]",0.0,0,0,0,0,0,,0,0,33,0,single,242.19223022460938,100.82767486572266,0.41631259092091827
authoritative,authoritative,llama-3.1-8b,rewrite_to_rank,Golf Clubs,2,Used TaylorMade R15 Left-Handed 3 Wood - Excellent Condition,10,10,median,6.5,5.5,"[11, 7, 3, 2, 8, 1, 11, 9, 2, 6]","[11, 6, 2, 2, 6, 1, 11, 8, 1, 5]",0.1111111111111111,0,0,0,0,0,,0,0,325,0,single,35.299827575683594,14.299382209777832,0.4050836276500118
authoritative,authoritative,llama-3.1-8b,rewrite_to_rank,Golf Clubs,3,Nike Slingshot Hybrid 3H Hybrid ( 20 Loft Regular Flex ),10,10,median,9.0,8.0,"[8, 9, 9, 10, 9, 8, 9, 11, 7, 10]","[7, 9, 8, 5, 7, 8, 9, 10, 7, 8]",0.1111111111111111,0,0,0,0,0,,0,0,237,0,single,24.018569946289062,15.943178176879883,0.6637854881673815
authoritative,authoritative,llama-3.1-8b,rewrite_to_rank,Footwear,10,Old Navy Flip-Flops for Toddler - Ahoy Navy - Size 8,10,10,median,10.0,10.0,"[10, 10, 9, 10, 9, 10, 10, 10, 6, 10]","[10, 9, 9, 10, 10, 10, 10, 10, 5, 10]",0.0,0,0,0,0,0,,0,0,139,0,single,17.255725860595703,19.040077209472656,1.1034063338333167
authoritative,authoritative,llama-3.1-8b,rewrite_to_rank,Golf Clubs,10,Used Callaway Great Big Bertha 2015 Driver,10,10,median,6.0,4.0,"[2, 7, 8, 6, 1, 6, 7, 7, 2, 4]","[2, 7, 8, 6, 1, 3, 2, 7, 2, 5]",0.2222222222222222,0,0,0,0,0,,0,0,89,0,single,89.46085357666016,38.37490463256836,0.4289575059742126
authoritative,authoritative,llama-3.1-8b,rewrite_to_rank,Golf Clubs,7,"Adams Idea a12OS Hybrid 4H, 5H, 6H, 7-PW, AW Iron Set ( Loft Stiff Flex )",10,10,median,3.5,1.0,"[6, 6, 1, 1, 1, 6, 7, 8, 1, 1]","[1, 1, 11, 1, 1, 1, 1, 1, 1, 1]",0.2777777777777778,1,1,1,1,1,superior,0,0,277,0,single,24.763200759887695,11.941802024841309,0.48223984212029086
authoritative,authoritative,llama-3.1-8b,rewrite_to_rank,Golf Clubs,5,Used Taylormade Sldr Ts * Fairway Wood Right Hand Stiff Flex,10,10,median,4.5,4.0,"[3, 7, 2, 5, 6, 4, 3, 5, 2, 8]","[2, 4, 2, 4, 6, 5, 3, 5, 2, 7]",0.05555555555555555,0,0,0,0,1,elevate,0,0,355,0,single,14.983497619628906,12.408995628356934,0.8281775019005385
authoritative,authoritative,llama-3.1-8b,rewrite_to_rank,Flooring,9,Mannington A Sense Of Place III Emerald Carpet Tiles,10,10,median,9.0,9.5,"[10, 9, 7, 9, 9, 9, 10, 10, 6, 7]","[10, 9, 7, 9, 9, 10, 10, 10, 10, 6]",-0.05555555555555555,0,0,0,0,0,,0,0,195,0,single,23.43147850036621,12.67033576965332,0.540739918287926
authoritative,authoritative,llama-3.1-8b,rewrite_to_rank,Golf Clubs,8,Pre-Owned Cleveland Golf 588 RTX 2.0 Tour Satin Wedge 56*/12* Wedge Sand Wedge [True Temper Dynamic Gold Wedge Steel] VL,10,10,median,11.0,11.0,"[11, 11, 11, 11, 11, 11, 8, 10, 11, 9]","[11, 11, 11, 11, 11, 2, 8, 10, 11, 10]",0.0,0,0,0,0,0,,0,0,204,0,single,15.233680725097656,13.59588623046875,0.8924885899748035
authoritative,authoritative,llama-3.1-8b,rewrite_to_rank,Handbags,2,Vera Bradley Triple Zip Hipster In Nomadic Floral Crossbody Bag,10,10,median,7.0,6.0,"[8, 6, 9, 7, 7, 6, 6, 7, 6, 7]","[5, 6, 7, 7, 7, 6, 6, 7, 6, 6]",0.1111111111111111,0,0,0,0,0,,0,0,314,0,single,13.995903015136719,9.475200653076172,0.6769981645934986
authoritative,authoritative,llama-3.1-8b,rewrite_to_rank,Footwear,4,Red Wing Red Wing Heritage 877 8-inch Classic Moc Toe Boot - Red,10,10,median,8.0,8.0,"[8, 9, 7, 8, 7, 9, 8, 11, 8, 8]","[8, 9, 1, 9, 7, 7, 8, 11, 8, 11]",0.0,0,0,0,0,0,,0,0,318,0,single,13.516671180725098,10.184639930725098,0.7534872894776409
authoritative,authoritative,llama-3.1-8b,rewrite_to_rank,Handbags,1,"CHANEL Frt Pocket Handbag Quilted Patent Leather Shoulder Bag, Black, One Size",10,10,median,1.0,1.0,"[4, 1, 1, 2, 1, 1, 1, 1, 1, 1]","[1, 1, 1, 1, 1, 1, 1, 1, 1, 1]",0.0,1,0,1,0,0,,0,0,303,0,single,12.840401649475098,10.011895179748535,0.7797182247922759
authoritative,authoritative,llama-3.1-8b,rewrite_to_rank,Golf Clubs,1,Callaway Big Bertha Single 5 Iron. Aldila Bd 800 Graphite Shaft. Stiff,10,10,median,4.5,3.0,"[4, 3, 6, 3, 4, 5, 8, 6, 4, 7]","[1, 3, 6, 1, 1, 3, 8, 6, 2, 3]",0.16666666666666666,0,0,0,0,0,,0,0,330,0,single,14.515246391296387,9.129249572753906,0.6289421017495077
authoritative,authoritative,llama-3.1-8b,rewrite_to_rank,Handbags,4,Canvas Zipper Wallet - Large - Harry Potter Hogwarts School Marauders,10,10,median,10.0,10.0,"[10, 10, 10, 10, 9, 10, 10, 10, 10, 10]","[10, 10, 10, 10, 9, 10, 10, 10, 9, 10]",0.0,0,0,0,0,0,,0,0,307,0,single,15.058648109436035,10.261611938476562,0.6814431059084541
authoritative,authoritative,llama-3.1-8b,rewrite_to_rank,Health and Beauty,1,TAG OFF Skin Natural Skin Tag Remover Take Skin Tag Away,10,10,median,5.5,5.0,"[4, 6, 4, 8, 5, 4, 6, 4, 6, 8]","[4, 5, 5, 7, 5, 3, 6, 4, 6, 6]",0.05555555555555555,0,0,0,0,0,,0,0,193,0,single,18.265403747558594,16.04816436767578,0.8786098894649851
authoritative,authoritative,llama-3.1-8b,rewrite_to_rank,Handbags,3,Women's Baltimore Ravens Dooney & Bourke Purple Zip Satchel,10,10,median,8.0,8.0,"[9, 9, 8, 8, 8, 7, 8, 8, 8, 8]","[9, 9, 8, 4, 9, 7, 7, 8, 10, 8]",0.0,0,0,0,0,0,,0,0,198,0,single,22.490089416503906,18.182281494140625,0.8084575013204669
authoritative,authoritative,llama-3.1-8b,rewrite_to_rank,Golf Clubs,4,"Callaway Big Bertha (2004) 5-10,W,SW Mens/Right Average Condition",10,10,median,7.0,6.5,"[7, 8, 7, 7, 7, 7, 6, 8, 7, 3]","[5, 7, 7, 5, 7, 6, 7, 9, 5, 3]",0.05555555555555555,0,0,0,0,0,,0,0,166,0,single,28.386571884155273,12.903436660766602,0.45456128740818474
authoritative,authoritative,llama-3.1-8b,rewrite_to_rank,Handbags,9,Louis Vuitton Monogram Canvas Tivoli Gm Bag - Brown - Totes,10,10,median,2.0,1.0,"[1, 2, 2, 2, 1, 1, 2, 2, 2, 2]","[1, 1, 1, 1, 1, 1, 1, 2, 1, 1]",0.1111111111111111,1,1,1,0,0,,0,0,381,0,single,14.801409721374512,6.982259750366211,0.4717293745529675
authoritative,authoritative,llama-3.1-8b,rewrite_to_rank,Handbags,6,"Montana West Faux Leather Cross Body Purse Spiritual Collection with Turquoise Cross Bucket Style, Women's, Brown",10,10,median,7.5,7.5,"[6, 9, 9, 6, 7, 8, 7, 8, 9, 7]","[6, 9, 9, 6, 7, 9, 6, 8, 9, 6]",0.0,0,0,0,0,0,,0,0,467,0,single,17.82100486755371,7.9589924812316895,0.4466073905699023
authoritative,authoritative,llama-3.1-8b,rewrite_to_rank,Handbags,7,MK Jet Set Large Saffiano Leather Tote Bag Brown - One Size by MICHAEL Michael Kors,10,10,median,3.0,3.0,"[2, 3, 3, 3, 3, 3, 3, 4, 3, 3]","[2, 3, 3, 2, 3, 3, 3, 3, 3, 2]",0.0,0,0,0,0,0,,0,0,268,0,single,12.374444007873535,13.646114349365234,1.1027658568484022
authoritative,authoritative,llama-3.1-8b,rewrite_to_rank,Health and Beauty,4,Walgreens Eucalyptus Oil - 0.5 oz.,10,10,median,10.0,7.5,"[10, 10, 7, 8, 7, 10, 10, 11, 8, 10]","[7, 8, 6, 8, 5, 6, 10, 11, 7, 8]",0.2777777777777778,0,0,0,0,0,,0,0,77,0,single,13.431198120117188,14.778362274169922,1.1003011155077043
authoritative,authoritative,llama-3.1-8b,rewrite_to_rank,Golf Clubs,9,Callaway Great Big Bertha War Bird 8 Driver Firm Graphite Shaft,10,10,median,2.0,1.0,"[1, 6, 2, 4, 6, 1, 2, 7, 1, 1]","[1, 5, 1, 1, 4, 1, 2, 7, 1, 1]",0.1111111111111111,1,1,1,0,0,,0,0,212,0,single,28.980789184570312,13.377693176269531,0.46160555156282496
authoritative,authoritative,llama-3.1-8b,rewrite_to_rank,Health and Beauty,3,Bioallers Allergy Nasal Spray,10,10,median,5.5,5.5,"[6, 5, 4, 5, 7, 6, 3, 5, 6, 7]","[6, 2, 5, 5, 6, 6, 3, 5, 6, 6]",0.0,0,0,0,0,0,,0,0,223,0,single,9.5374174118042,7.60581111907959,0.7974707188201794
authoritative,authoritative,llama-3.1-8b,rewrite_to_rank,Health and Beauty,6,"Forces of Nature Migraines Pain Management, Multicolor",10,10,median,4.0,3.0,"[5, 2, 3, 4, 4, 3, 4, 2, 4, 4]","[3, 2, 3, 4, 4, 3, 2, 2, 2, 4]",0.1111111111111111,0,0,0,0,0,,0,0,225,0,single,48.79806900024414,27.097257614135742,0.5552936452055136
authoritative,authoritative,llama-3.1-8b,rewrite_to_rank,Health and Beauty,5,Reusable Face Mask Clips - No Sewing required - T-shirt face mask clips,10,10,median,9.5,9.0,"[9, 10, 9, 10, 9, 10, 9, 10, 9, 10]","[9, 10, 9, 10, 8, 9, 9, 10, 8, 10]",0.05555555555555555,0,0,0,0,0,,0,0,182,0,single,20.51348876953125,21.01976776123047,1.0246802968226056
authoritative,authoritative,llama-3.1-8b,rewrite_to_rank,Health and Beauty,8,Natra-Bio Bladder Irritation - Unflavored - 1 fl oz,10,10,median,8.0,7.5,"[7, 3, 10, 7, 8, 8, 8, 9, 9, 10]","[7, 4, 10, 7, 8, 7, 6, 8, 9, 10]",0.05555555555555555,0,0,0,0,0,,0,0,58,0,single,35.174991607666016,21.490930557250977,0.6109718744770718
authoritative,authoritative,llama-3.1-8b,rewrite_to_rank,Health and Beauty,2,Derma Relief,10,10,median,2.0,1.0,"[3, 1, 3, 3, 1, 1, 1, 3, 1, 4]","[1, 1, 1, 1, 1, 1, 1, 1, 1, 1]",0.1111111111111111,1,1,1,0,1,elevate|premier,0,0,268,0,single,29.94978141784668,17.3738956451416,0.5801009163555606
authoritative,authoritative,llama-3.1-8b,rewrite_to_rank,Health and Beauty,7,3 Pack - Stuffy Nose Solutions Yoga Strips 30 ea,10,10,median,8.0,8.0,"[8, 8, 11, 7, 9, 9, 7, 8, 5, 9]","[9, 8, 11, 7, 9, 9, 7, 8, 5, 8]",0.0,0,0,0,0,0,,0,0,186,0,single,49.58377456665039,39.57985305786133,0.7982420338866737
authoritative,authoritative,llama-3.1-8b,rewrite_to_rank,Handbags,10,Michael Michael Kors - logo crossbody bag - women - Leather - One Size - Blue,10,10,median,5.0,5.0,"[5, 6, 5, 4, 5, 4, 8, 5, 4, 7]","[5, 6, 5, 4, 5, 4, 8, 5, 4, 7]",0.0,0,0,0,0,0,,0,0,127,0,single,52.31357192993164,29.25150489807129,0.5591570947831761
authoritative,authoritative,llama-3.1-8b,rewrite_to_rank,Handbags,5,LeSportsac City Chelsea Tote,10,10,median,8.0,6.0,"[7, 5, 8, 8, 8, 8, 8, 8, 9, 6]","[5, 4, 6, 8, 6, 8, 5, 4, 8, 6]",0.2222222222222222,0,0,0,0,1,ensure|optimal,0,0,181,0,single,13.381616592407227,11.920914649963379,0.8908426397993906
authoritative,authoritative,llama-3.1-8b,rewrite_to_rank,Health and Beauty,10,Therapeutic Gel Beads Eye Mask,10,10,median,2.5,1.5,"[1, 4, 3, 4, 2, 2, 4, 5, 2, 1]","[1, 4, 1, 2, 1, 2, 3, 5, 1, 1]",0.1111111111111111,0,0,1,1,1,ensure,0,0,195,0,single,12.150829315185547,13.540971755981445,1.1144072066800053
authoritative,authoritative,llama-3.1-8b,rewrite_to_rank,Jewelry,1,Entwined Halo Diamond Engagement Ring - 14K Rose Gold,10,10,median,2.0,1.0,"[6, 2, 5, 1, 2, 4, 2, 3, 2, 2]","[5, 2, 3, 1, 1, 1, 1, 1, 1, 1]",0.1111111111111111,1,1,1,0,0,,0,1,260,0,single,22.71550750732422,12.765819549560547,0.5619869838014595
authoritative,authoritative,llama-3.1-8b,rewrite_to_rank,Handbags,8,Women's Lifetime Leather Everyday Tote - Black - Duluth Trading,10,10,median,4.0,4.0,"[3, 4, 4, 4, 5, 9, 5, 4, 7, 4]","[4, 4, 4, 3, 5, 9, 5, 4, 6, 4]",0.0,0,0,0,0,0,,0,0,180,0,single,25.076507568359375,11.136878967285156,0.4441160291928875
authoritative,authoritative,llama-3.1-8b,rewrite_to_rank,Jewelry,6,W Swarovski Crystal Sailboat Ocean Nautical Sea Sailing Boat Sloop,10,10,median,9.0,9.0,"[9, 9, 9, 9, 9, 9, 9, 9, 9, 9]","[9, 9, 9, 9, 9, 9, 8, 9, 9, 8]",0.0,0,0,0,0,1,elevate|superior,0,0,290,0,single,13.253181457519531,6.600360870361328,0.4980208632559275
authoritative,authoritative,llama-3.1-8b,rewrite_to_rank,Jewelry,3,Cross Pendant Necklace in Sterling Silver - Silver,10,10,median,8.0,8.0,"[8, 7, 7, 8, 8, 8, 8, 8, 8, 8]","[7, 6, 8, 8, 8, 8, 8, 8, 8, 8]",0.0,0,0,0,0,0,,0,0,318,0,single,12.448359489440918,8.715463638305664,0.7001294946292633
authoritative,authoritative,llama-3.1-8b,rewrite_to_rank,Jewelry,7,"Heart-Shaped Genuine Morganite and 1/10 CT. T.W. Diamond 14K Rose Gold Ring, Pink (Size: 7) - Womens > Rings > Cocktail Rings",10,10,median,5.0,4.0,"[4, 5, 6, 4, 5, 6, 5, 4, 6, 5]","[3, 4, 5, 4, 4, 5, 5, 4, 5, 3]",0.1111111111111111,0,0,0,0,0,,0,0,200,0,single,25.04688262939453,11.64038372039795,0.4647438123392259
authoritative,authoritative,llama-3.1-8b,rewrite_to_rank,Jewelry,9,Pear Cut Halo Moissanite & Diamond Engagement Ring 14K White Gold 2.44ct,10,10,median,1.0,1.0,"[1, 1, 1, 1, 1, 1, 1, 2, 1, 1]","[1, 1, 1, 1, 1, 1, 1, 1, 1, 1]",0.0,1,0,1,0,0,,0,0,175,0,single,6.717526912689209,6.643311977386475,0.9889520449612871
authoritative,authoritative,llama-3.1-8b,rewrite_to_rank,Jewelry,5,"18K Gold Ring Gemstone, Yellow Gold Ring , Solid Gold Ring, Oval Ruby Ring, Unique Engagement Ring, Antique Style Woman, Filigree Etruscan",10,10,median,6.0,6.0,"[5, 5, 6, 6, 6, 6, 6, 8, 6, 5]","[5, 5, 6, 6, 1, 6, 6, 8, 6, 5]",0.0,0,0,0,0,0,,0,0,281,0,single,12.237234115600586,7.6219305992126465,0.6228474937400977
authoritative,authoritative,llama-3.1-8b,rewrite_to_rank,Lighting,1,10v Uvc Ultraviolet Uv Light Tube Bulb 3w Disinfection Lamp Quartz,10,10,median,8.0,8.0,"[1, 9, 10, 9, 7, 7, 1, 10, 10, 7]","[1, 9, 10, 9, 7, 1, 1, 10, 9, 7]",0.0,0,0,0,0,0,,0,0,240,0,single,11.119524955749512,9.770476341247559,0.8786774956780498
authoritative,authoritative,llama-3.1-8b,rewrite_to_rank,Jewelry,8,Sterling Silver 7mm Created Sapphire Ring with Diamonds,10,10,median,7.0,6.0,"[7, 7, 6, 5, 7, 7, 6, 7, 7, 6]","[6, 6, 6, 5, 6, 5, 6, 7, 7, 6]",0.1111111111111111,0,0,0,0,0,,0,0,135,0,single,18.194398880004883,10.187631607055664,0.5599322997283288
authoritative,authoritative,llama-3.1-8b,rewrite_to_rank,Jewelry,10,1 CT. T.w. Emerald-Cut Diamond Frame Bridal Set in 14K White Gold,10,10,median,2.5,1.0,"[2, 1, 3, 2, 1, 1, 3, 4, 4, 3]","[1, 1, 2, 1, 1, 1, 3, 1, 1, 1]",0.16666666666666666,1,1,1,1,0,,0,0,303,0,single,8.237013816833496,6.301618576049805,0.7650367859249624
authoritative,authoritative,llama-3.1-8b,rewrite_to_rank,Lighting,2,Feit Electric 2 ft. 19W Dual Utility LED Light Fixture 73989,10,10,median,3.5,1.0,"[2, 1, 1, 5, 5, 5, 3, 4, 1, 5]","[1, 1, 1, 1, 1, 1, 1, 1, 1, 1]",0.2777777777777778,1,1,1,1,0,,0,0,345,0,single,9.673985481262207,5.622008323669434,0.5811470706213946
authoritative,authoritative,llama-3.1-8b,rewrite_to_rank,Lighting,4,25W Flame-tip Candelabra,10,10,median,9.0,8.0,"[9, 10, 9, 9, 7, 9, 7, 10, 9, 8]","[9, 8, 9, 8, 7, 8, 7, 9, 8, 8]",0.1111111111111111,0,0,0,0,0,,0,0,185,0,single,37.06190490722656,9.579379081726074,0.2584696902575622
authoritative,authoritative,llama-3.1-8b,rewrite_to_rank,Lighting,6,Currey and Company 8004 Melrose Floor Lamp with Beige Silk Shades Antique Silver Lamps,10,10,median,4.0,4.5,"[8, 2, 3, 2, 1, 5, 7, 1, 6, 5]","[8, 1, 1, 5, 1, 5, 7, 1, 6, 4]",-0.05555555555555555,0,0,0,0,0,,0,0,195,0,single,23.885229110717773,16.154052734375,0.6763197731742233
authoritative,authoritative,llama-3.1-8b,rewrite_to_rank,Jewelry,4,3.10ct Moissanite Fire Diamond Equivalent Weight 14K White Gold Solitaire Ring - Size 10,10,10,median,4.0,1.0,"[3, 4, 5, 4, 4, 1, 4, 4, 4, 4]","[1, 1, 1, 1, 1, 1, 2, 1, 1, 1]",0.3333333333333333,1,1,1,1,0,,0,0,514,0,single,9.340922355651855,5.47597074508667,0.5862344784156521
authoritative,authoritative,llama-3.1-8b,rewrite_to_rank,Lighting,3,4-Light High Output White Fluorescent Strip Light Fixture,10,10,median,6.0,5.0,"[4, 6, 6, 6, 5, 1, 6, 6, 6, 7]","[1, 1, 6, 5, 5, 1, 6, 6, 6, 1]",0.1111111111111111,0,0,0,0,1,optimal,0,0,360,0,single,11.779464721679688,9.006693840026855,0.7646097724160891
authoritative,authoritative,llama-3.1-8b,rewrite_to_rank,Lighting,9,F72T12/CW/HO/ALTO,10,10,median,7.5,7.0,"[5, 5, 9, 7, 4, 9, 8, 7, 9, 8]","[5, 5, 8, 7, 6, 9, 1, 7, 8, 7]",0.05555555555555555,0,0,0,0,1,optimal,0,0,282,0,single,20.3882999420166,12.113870620727539,0.5941579560423791
authoritative,authoritative,llama-3.1-8b,rewrite_to_rank,Lighting Fixtures,2,6.56 ft. - Anodized Aluminum KRAV-810 Channel - Illuminates the Edges of Glass or Acrylic with LED Strip Light - Klus 18016L,10,10,median,9.5,9.0,"[9, 8, 10, 10, 10, 8, 10, 1, 9, 10]","[8, 8, 10, 10, 10, 8, 9, 1, 9, 10]",0.05555555555555555,0,0,0,0,0,,0,0,187,0,single,34.72734451293945,31.29438591003418,0.9011453754655456
authoritative,authoritative,llama-3.1-8b,rewrite_to_rank,Jewelry,2,"Teen girl christmas gifts, Personalized christmas gifts, Christmas gift for girlfriend, Gift idea for girl, Tween girl gifts",10,10,median,11.0,11.0,"[11, 11, 11, 11, 11, 11, 11, 11, 10, 10]","[11, 11, 11, 11, 10, 11, 11, 10, 10, 10]",0.0,0,0,0,0,0,,0,0,299,0,single,21.211803436279297,9.124975204467773,0.4301838470208057
authoritative,authoritative,llama-3.1-8b,rewrite_to_rank,Lighting,10,Table Lamp,10,10,median,8.5,7.5,"[10, 9, 7, 10, 8, 9, 8, 6, 8, 10]","[10, 9, 7, 9, 6, 7, 8, 6, 7, 10]",0.1111111111111111,0,0,0,0,0,,0,0,108,0,single,131.55706787109375,15.723958969116211,0.11952196277681819
authoritative,authoritative,llama-3.1-8b,rewrite_to_rank,Lighting Fixtures,5,Livex 1146-05 Bath Basics Bath Light Fixture- Chrome,10,10,median,6.0,4.5,"[6, 6, 4, 7, 8, 5, 6, 4, 5, 6]","[4, 5, 2, 6, 6, 4, 4, 4, 5, 6]",0.16666666666666666,0,0,0,0,0,,0,0,82,0,single,584.9577026367188,32.8708381652832,0.0561935299203971
authoritative,authoritative,llama-3.1-8b,rewrite_to_rank,Lighting Fixtures,3,"Iridescent Gold Art Glass ""Trumpet"" Shade with 2 1/4"" Fitter",10,10,median,4.0,2.0,"[1, 3, 5, 7, 5, 1, 7, 6, 3, 3]","[1, 1, 5, 1, 4, 1, 7, 1, 3, 3]",0.2222222222222222,0,0,1,1,1,elevate,0,0,260,0,single,31.14271354675293,7.783324718475342,0.24992442314927513
authoritative,authoritative,llama-3.1-8b,rewrite_to_rank,Health and Beauty,9,Sunbeam Massaging XL Renue Heat Therapy - Personal Care,10,10,median,4.0,1.0,"[2, 4, 4, 2, 9, 3, 11, 4, 3, 6]","[1, 1, 1, 2, 2, 11, 11, 1, 1, 1]",0.3333333333333333,1,1,1,1,0,,0,0,476,0,single,43.55573272705078,9.740683555603027,0.22363723316617437
authoritative,authoritative,llama-3.1-8b,rewrite_to_rank,Lighting,7,"Contemporary Urban 12 1/4""W Clear Glass Mini Pendant Light - Style #5G925",10,10,median,5.0,2.0,"[6, 5, 2, 6, 1, 5, 3, 3, 8, 5]","[6, 5, 2, 1, 1, 5, 2, 1, 7, 1]",0.3333333333333333,0,0,1,1,0,,0,0,389,0,single,45.94976806640625,11.276067733764648,0.2453998835743537
authoritative,authoritative,llama-3.1-8b,rewrite_to_rank,Lighting Fixtures,6,Traditional Triple Toggle Switch Cover Plate In Forged Brass,10,10,median,10.0,10.0,"[10, 8, 10, 10, 9, 10, 10, 6, 8, 10]","[10, 8, 10, 10, 9, 10, 10, 2, 6, 10]",0.0,0,0,0,0,0,,0,0,167,0,single,47.8299560546875,12.962679862976074,0.27101592667479957
authoritative,authoritative,llama-3.1-8b,rewrite_to_rank,Lighting,5,"Forte Lighting 7062-06 6 Light 23-3/4"" Wide Chandelier Antique Bronze Indoor Lighting",10,10,median,2.0,1.0,"[7, 1, 1, 5, 4, 2, 1, 2, 3, 2]","[1, 1, 1, 1, 1, 1, 1, 1, 1, 1]",0.1111111111111111,1,1,1,0,0,,0,0,355,0,single,20.2352237701416,11.776738166809082,0.5819919908267301
authoritative,authoritative,llama-3.1-8b,rewrite_to_rank,Lighting Fixtures,4,"Contemporary Wall Sconce w/ Frosted Glass & Gooseneck Arm Extension, B, Black, Wall Light Fixtures, by ANP Lighting",10,10,median,3.0,1.0,"[3, 2, 4, 2, 3, 3, 2, 4, 2, 4]","[2, 1, 1, 1, 1, 2, 2, 1, 1, 1]",0.2222222222222222,1,1,1,1,0,,0,0,465,0,single,21.99875831604004,6.989039421081543,0.31770154118133104
authoritative,authoritative,llama-3.1-8b,rewrite_to_rank,Lighting Fixtures,9,Quorum Lighting-5365-4-14-Four Light Square Bath Vanity Chrome Finish with Satin Opal Glass,10,10,median,3.0,3.0,"[4, 3, 1, 3, 2, 4, 1, 3, 2, 3]","[4, 3, 1, 4, 2, 5, 1, 3, 2, 3]",0.0,0,0,0,0,0,,0,0,169,0,single,14.43666934967041,9.502144813537598,0.6581950852642152
authoritative,authoritative,llama-3.1-8b,rewrite_to_rank,Lighting Fixtures,7,"White Opal-Glass Bell Shade with 2 1/4"" Fitter",10,10,median,5.5,2.5,"[2, 2, 2, 7, 6, 7, 8, 7, 3, 5]","[2, 2, 2, 5, 2, 5, 2, 7, 3, 5]",0.3333333333333333,0,0,0,0,0,,0,0,288,0,single,10.993002891540527,8.90476131439209,0.8100390222988655
authoritative,authoritative,llama-3.1-8b,rewrite_to_rank,Motorcycle Accessories,5,Harley-Davidson Heritage Style Handlebar,10,10,median,2.0,1.0,"[2, 1, 3, 2, 3, 2, 1, 3, 1, 3]","[1, 1, 2, 2, 3, 2, 1, 1, 1, 1]",0.1111111111111111,1,1,1,0,0,,0,0,100,0,single,25.7226619720459,14.869536399841309,0.5780714459491314
authoritative,authoritative,llama-3.1-8b,rewrite_to_rank,Motorcycle Accessories,1,Harley-Davidson Skull LED Fuel Gauge,10,10,median,6.5,5.5,"[8, 6, 4, 8, 7, 7, 8, 6, 3, 5]","[8, 4, 4, 8, 7, 7, 6, 5, 3, 5]",0.1111111111111111,0,0,0,0,0,,0,0,376,0,single,22.034772872924805,14.895139694213867,0.6759833550413514
authoritative,authoritative,llama-3.1-8b,rewrite_to_rank,Lighting,8,"Kichler 12212 TaskWork Modular 2 Light 13"" Under Cabinet Light - 120V Xenon Stainless Steel Indoor Lighting Light Bars",10,10,median,3.0,3.0,"[3, 3, 3, 4, 4, 2, 2, 2, 1, 3]","[2, 3, 3, 4, 3, 2, 2, 11, 1, 3]",0.0,0,0,0,0,0,,0,0,198,0,single,36.550750732421875,17.863027572631836,0.48871848634251625
authoritative,authoritative,llama-3.1-8b,rewrite_to_rank,Motorcycle Accessories,6,Moose Racing Fender Mount Tool Pack. Moose Racing Dirt Bike Parts from BTO Sports. | Dirt Bike Gear & Parts > Dirt Bike Accessories Gearbags | Bags,10,10,median,11.0,11.0,"[11, 11, 11, 11, 11, 11, 11, 11, 11, 11]","[11, 11, 11, 11, 11, 11, 11, 11, 11, 11]",0.0,0,0,0,0,0,,0,0,189,0,single,52.400325775146484,21.662294387817383,0.41339999451094683
authoritative,authoritative,llama-3.1-8b,rewrite_to_rank,Motorcycle Accessories,4,Harley-Davidson Locking Leather Covered Rigid Saddlebags Softail Model,10,10,median,3.0,1.0,"[3, 3, 4, 3, 5, 3, 3, 4, 3, 1]","[3, 1, 1, 1, 1, 3, 3, 1, 1, 1]",0.2222222222222222,1,1,1,1,0,,0,0,216,0,single,21.63097381591797,13.41981315612793,0.6203980121436998
authoritative,authoritative,llama-3.1-8b,rewrite_to_rank,Lighting Fixtures,10,Nuvo Lighting 2-Light Flush Mount Finish: White,10,10,median,5.0,4.0,"[5, 4, 8, 4, 8, 7, 4, 6, 3, 5]","[2, 2, 7, 4, 4, 6, 1, 6, 3, 4]",0.1111111111111111,0,0,0,0,0,,0,0,262,0,single,19.642459869384766,14.99532413482666,0.7634137595056896
authoritative,authoritative,llama-3.1-8b,rewrite_to_rank,Lighting Fixtures,1,"WAC Lighting H24-BN H Track 24"" Extension for Line Voltage H-Track Fixture, Brushed Nickel",10,10,median,8.5,7.5,"[8, 9, 8, 9, 8, 9, 9, 8, 9, 7]","[4, 5, 8, 7, 8, 8, 9, 8, 1, 7]",0.1111111111111111,0,0,0,0,1,elevate,0,0,307,0,single,94.55524444580078,12.002387046813965,0.12693518077353977
authoritative,authoritative,llama-3.1-8b,rewrite_to_rank,Motorcycle Accessories,8,Kuryakyn Saddlebag Top Trim - 5670,10,10,median,5.0,4.0,"[6, 4, 4, 6, 5, 6, 5, 5, 7, 4]","[6, 4, 3, 4, 5, 5, 4, 4, 6, 3]",0.1111111111111111,0,0,0,0,0,,0,0,212,0,single,27.539304733276367,12.97298812866211,0.47107173744246905
authoritative,authoritative,llama-3.1-8b,rewrite_to_rank,Party Supplies,1,"13 Tiara 13th Birthday Party Accessories Supplies, Crown Silver (Tiara Silver Heart)",10,10,median,3.0,2.5,"[2, 3, 2, 3, 4, 5, 3, 2, 4, 2]","[2, 3, 2, 3, 3, 2, 3, 2, 4, 2]",0.05555555555555555,0,0,0,0,1,elevate|superior,0,0,183,0,single,16.096519470214844,14.961943626403809,0.9295142129383643
authoritative,authoritative,llama-3.1-8b,rewrite_to_rank,Motorcycle Accessories,3,Ram Mount X-Grip Large Phone Mount with Handlebar U-Bolt Base,10,10,median,5.0,3.5,"[4, 6, 6, 4, 5, 4, 5, 3, 6, 7]","[1, 6, 7, 4, 1, 4, 1, 3, 5, 1]",0.16666666666666666,0,0,0,0,0,,0,0,336,0,single,19.616968154907227,13.560964584350586,0.6912874852660797
authoritative,authoritative,llama-3.1-8b,rewrite_to_rank,Lighting Fixtures,8,"14"" Gooseneck Barn Light Fixture, Mounted Railroad Shade, Millennium Lighting",10,10,median,7.0,1.0,"[7, 7, 2, 1, 7, 7, 3, 8, 7, 7]","[1, 1, 1, 1, 1, 2, 1, 1, 1, 4]",0.6666666666666666,1,1,1,1,0,,0,0,299,0,single,16.747037887573242,10.78841781616211,0.6441985674474057
authoritative,authoritative,llama-3.1-8b,rewrite_to_rank,Party Supplies,4,Silver Metallic Foil Curtain -,10,10,median,8.0,7.0,"[10, 10, 10, 7, 6, 9, 10, 4, 5, 6]","[10, 10, 10, 7, 7, 9, 6, 3, 5, 6]",0.1111111111111111,0,0,0,0,1,elevate,0,0,176,0,single,20.950836181640625,17.413249969482422,0.831148209002836
authoritative,authoritative,llama-3.1-8b,rewrite_to_rank,Party Supplies,3,"What Is Your Unicorn Name Birthday Party Printable, Unicorn Birthday Party Game, Unicorn Printable, Unicorn Party Decoration, 8x10""",10,10,median,9.0,9.0,"[7, 10, 9, 10, 8, 9, 8, 8, 10, 9]","[8, 9, 9, 10, 8, 9, 8, 8, 10, 9]",0.0,0,0,0,0,0,,0,0,205,0,single,18.273073196411133,12.824198722839355,0.7018085346124511
authoritative,authoritative,llama-3.1-8b,rewrite_to_rank,Party Supplies,8,Tassel Worth The Hassle - Silver - Grad Cap Shaped Outdoor Graduation Lawn Decorations & Party Yard Signs - 10 Piece,10,10,median,4.0,4.0,"[4, 4, 5, 4, 2, 7, 8, 3, 7, 3]","[4, 2, 4, 4, 2, 4, 5, 2, 7, 3]",0.0,0,0,0,0,0,,0,0,280,0,single,10.18206787109375,12.865452766418457,1.263540267978636
authoritative,authoritative,llama-3.1-8b,rewrite_to_rank,Party Supplies,2,Pirate or Pixie Gender Reveal Invitations,10,10,median,7.5,6.0,"[6, 8, 5, 8, 8, 8, 7, 7, 5, 9]","[5, 7, 3, 8, 6, 6, 6, 7, 4, 7]",0.16666666666666666,0,0,0,0,0,,0,0,307,0,single,37.165771484375,11.200836181640625,0.3013750484461115
authoritative,authoritative,llama-3.1-8b,rewrite_to_rank,Motorcycle Accessories,2,Street Magic Mini Bullet Amber LED Turn Signals - MBB-22,10,10,median,7.0,5.5,"[5, 7, 6, 6, 8, 9, 9, 7, 5, 8]","[5, 4, 6, 5, 7, 4, 6, 7, 5, 8]",0.16666666666666666,0,0,0,0,0,,0,0,188,0,single,18.854503631591797,14.541979789733887,0.7712735415303095
authoritative,authoritative,llama-3.1-8b,rewrite_to_rank,Motorcycle Accessories,7,Paul Yaffe 1 1/4 Monkey Bars For Harley Road Glide 2015-2019,10,10,median,1.5,1.0,"[1, 1, 1, 1, 2, 2, 2, 2, 2, 1]","[1, 1, 2, 1, 2, 1, 2, 2, 1, 1]",0.05555555555555555,1,1,1,0,1,ensure|optimal,0,0,262,0,single,18.732088088989258,11.48367977142334,0.6130485676166267
authoritative,authoritative,llama-3.1-8b,rewrite_to_rank,Party Supplies,9,"21st Birthday Decorations! - Rose Gold Party Pack - Big 21 Balloons, Confetti Balloons, Happy Birthday Banner",10,10,median,2.5,2.0,"[3, 2, 4, 5, 2, 3, 1, 4, 2, 2]","[2, 2, 2, 2, 1, 2, 1, 3, 2, 2]",0.05555555555555555,0,0,1,1,1,elevate,0,0,233,0,single,9.87158489227295,6.893233299255371,0.6982904340569565
authoritative,authoritative,llama-3.1-8b,rewrite_to_rank,Motorcycle Accessories,9,Kuryakyn Triceptor Fender Accent,10,10,median,6.0,4.0,"[7, 4, 6, 7, 3, 3, 7, 6, 6, 9]","[6, 4, 4, 4, 3, 4, 4, 5, 6, 9]",0.2222222222222222,0,0,0,0,0,,0,0,305,0,single,21.156917572021484,11.844074249267578,0.5598204090434479
authoritative,authoritative,llama-3.1-8b,rewrite_to_rank,Motorcycle Accessories,10,Bike Pro Chrome Removable Motorcycle Wheel Chock,10,10,median,9.0,9.0,"[9, 9, 9, 9, 9, 9, 9, 9, 9, 8]","[9, 9, 9, 9, 9, 9, 8, 9, 9, 8]",0.0,0,0,0,0,0,,0,0,146,0,single,27.3386287689209,28.873897552490234,1.0561574904339994
authoritative,authoritative,llama-3.1-8b,rewrite_to_rank,Party Supplies,7,100 9oz Disposable Purple Rim Custom Design Old Fashion Tumbler Fancy Plastic Cups Perfect for Wedding Holiday Bachelor Or Birthday Party,10,10,median,7.5,5.5,"[9, 4, 10, 8, 6, 10, 9, 3, 5, 7]","[9, 4, 10, 6, 5, 10, 2, 3, 1, 6]",0.2222222222222222,0,0,0,0,1,elevate,0,0,268,0,single,11.603816032409668,7.305446147918701,0.6295727308597843
authoritative,authoritative,llama-3.1-8b,rewrite_to_rank,Plumbing Fixtures,1,"MOEN Kingsley 2-Handle Deck-Mount Roman Tub Trim Kit in Brushed Nickel (Valve Not Included), Grey, Chrome",10,10,median,2.0,2.0,"[2, 2, 1, 3, 2, 4, 2, 3, 11, 2]","[2, 2, 1, 2, 1, 11, 2, 3, 2, 2]",0.0,0,0,1,0,0,,0,0,276,0,single,24.58509635925293,8.80514144897461,0.3581495602176347
authoritative,authoritative,llama-3.1-8b,rewrite_to_rank,Party Supplies,6,The 26-pound Party Gummy Bear - Blue Raspberry,10,10,median,1.0,1.0,"[1, 1, 1, 1, 1, 1, 1, 1, 1, 1]","[1, 1, 1, 1, 1, 1, 1, 1, 1, 1]",0.0,1,0,1,0,0,,0,0,176,0,single,23.116140365600586,13.032695770263672,0.5637920329320109
authoritative,authoritative,llama-3.1-8b,rewrite_to_rank,Vitamins & Supplements,2,Nordic Naturals ProOmega-D Omega-3 Fish Oil with Vit D 120ct,10,10,median,3.0,2.0,"[3, 2, 2, 3, 3, 2, 2, 3, 4, 3]","[3, 2, 2, 3, 2, 2, 2, 3, 4, 2]",0.1111111111111111,0,0,1,1,0,,0,0,74,0,single,4.803806304931641,4.001864433288574,0.8330611559379936
authoritative,authoritative,llama-3.1-8b,rewrite_to_rank,Party Supplies,5,Personalized Baby Shower Themed Bingo Game,10,10,median,8.0,6.5,"[8, 6, 6, 9, 8, 9, 8, 8, 8, 9]","[7, 5, 4, 8, 8, 5, 5, 7, 7, 6]",0.16666666666666666,0,0,0,0,1,elevate,0,0,160,0,single,35.976131439208984,17.884126663208008,0.4971108884630323
authoritative,authoritative,llama-3.1-8b,rewrite_to_rank,Party Supplies,10,Personalized Mason Jars with Flower Lids and Straws,10,10,median,5.0,4.5,"[5, 5, 5, 5, 4, 6, 7, 4, 7, 6]","[4, 5, 5, 5, 3, 4, 5, 4, 4, 6]",0.05555555555555555,0,0,0,0,1,elevate,0,1,241,0,single,16.755578994750977,12.93422794342041,0.7719356011196222
authoritative,authoritative,llama-3.1-8b,rewrite_to_rank,Plumbing Fixtures,8,Brushed Nickel E4404 Drain with Rough In kit E4028,10,10,median,7.0,6.5,"[10, 7, 7, 8, 7, 5, 8, 6, 6, 6]","[10, 6, 7, 6, 7, 5, 8, 6, 6, 8]",0.05555555555555555,0,0,0,0,0,,0,0,313,0,single,39.20368576049805,14.484630584716797,0.3694711429227817
authoritative,authoritative,llama-3.1-8b,rewrite_to_rank,Plumbing Fixtures,6,American Standard 7311.00-400.020 White Vitreous China American Standard,10,10,median,6.5,6.0,"[5, 7, 9, 6, 7, 9, 4, 6, 8, 6]","[4, 7, 6, 6, 4, 9, 11, 5, 6, 2]",0.05555555555555555,0,0,0,0,1,premier|ultimate,0,0,284,0,single,21.3880615234375,12.399656295776367,0.5797466162227257
authoritative,authoritative,llama-3.1-8b,rewrite_to_rank,Plumbing Fixtures,2,Brasscraft B8-9DL-F 9-inch Polymer Coated Braided Toilet Adapter (1/2-inch FIP x 7/8-inch Ballcock),10,10,median,8.0,8.0,"[8, 8, 7, 8, 8, 9, 9, 9, 9, 7]","[8, 6, 7, 8, 8, 9, 9, 9, 4, 7]",0.0,0,0,0,0,1,superior,0,0,652,0,single,21.855224609375,3.9838032722473145,0.18228150675415275
authoritative,authoritative,llama-3.1-8b,rewrite_to_rank,Plumbing Fixtures,9,Proplus Single-Handle 1-Spray Shower Faucet Valve in Chrome Finish (Valve Included) - Proplus - 2012040,10,10,median,4.0,3.0,"[4, 4, 5, 5, 4, 5, 4, 4, 4, 3]","[2, 2, 4, 3, 3, 4, 2, 4, 2, 3]",0.1111111111111111,0,0,0,0,0,,0,0,263,0,single,21.054697036743164,5.932681083679199,0.28177470677093597
authoritative,authoritative,llama-3.1-8b,rewrite_to_rank,Vitamins & Supplements,1,Ascorbic Acid (Vitamin C) - 100 Pure Gelatin Capsules,10,10,median,6.0,5.5,"[5, 5, 6, 7, 6, 6, 6, 6, 5, 5]","[5, 5, 5, 7, 6, 6, 6, 6, 5, 5]",0.05555555555555555,0,0,0,0,1,ensure|optimal,0,1,306,0,single,5.3279314041137695,4.72064208984375,0.8860178053716827
authoritative,authoritative,llama-3.1-8b,rewrite_to_rank,Vitamins & Supplements,8,"Maca, 1600 mg, 120 Capsules",10,10,median,8.5,9.0,"[8, 10, 9, 8, 6, 5, 9, 8, 10, 9]","[8, 10, 9, 8, 6, 5, 9, 9, 10, 9]",-0.05555555555555555,0,0,0,0,0,,0,0,122,0,single,131.39796447753906,21.8056583404541,0.16595126436818983
authoritative,authoritative,llama-3.1-8b,rewrite_to_rank,Vitamins & Supplements,3,Life Extension Ultra Prostate Formula (60 Softgels),10,10,median,4.0,3.5,"[4, 6, 4, 3, 4, 5, 3, 5, 2, 2]","[4, 1, 4, 3, 4, 4, 1, 5, 2, 2]",0.05555555555555555,0,0,0,0,1,ensure|optimal|promote|top|top choice,0,1,199,0,single,8.689416885375977,8.099700927734375,0.9321340010013703
authoritative,authoritative,llama-3.1-8b,rewrite_to_rank,Vitamins & Supplements,7,"New Nordic Apple Cider Gummies, 60Count",10,10,median,8.0,7.0,"[10, 7, 7, 5, 9, 9, 7, 8, 9, 8]","[9, 7, 2, 5, 6, 8, 5, 8, 7, 9]",0.1111111111111111,0,0,0,0,0,,0,0,284,0,single,12.022870063781738,7.460824966430664,0.6205527404730095
authoritative,authoritative,llama-3.1-8b,rewrite_to_rank,Plumbing Fixtures,4,"Kitchen Bathroom Sink Soap or Lotion Pump Dispenser, Oil Rubbed Bronze",10,10,median,9.0,9.0,"[9, 9, 10, 10, 5, 10, 8, 9, 10, 5]","[7, 10, 10, 10, 5, 10, 8, 7, 10, 4]",0.0,0,0,0,0,1,elevate,0,0,290,0,single,106.39561462402344,8.43636417388916,0.07929240508362348
authoritative,authoritative,llama-3.1-8b,rewrite_to_rank,Womens Clothing,2,R & M Richards(R) Scalloped Lace Jacket Dress - 16 Misses - Navy AmeriMark,10,10,median,4.0,4.0,"[4, 4, 6, 5, 4, 4, 4, 4, 4, 11]","[2, 1, 4, 3, 4, 3, 4, 4, 4, 11]",0.0,0,0,0,0,0,,0,0,162,0,single,39.80515670776367,37.036643981933594,0.9304483902385918
authoritative,authoritative,llama-3.1-8b,rewrite_to_rank,Plumbing Fixtures,10,Kohler K-4380 Elongated Bowl Only from the Memoirs Collection White Fixture Bowl Only,10,10,median,5.0,4.0,"[6, 5, 6, 4, 2, 6, 5, 6, 3, 4]","[6, 4, 3, 1, 2, 4, 5, 6, 3, 4]",0.1111111111111111,0,0,0,0,0,,0,0,284,0,single,24.202869415283203,20.76279640197754,0.8578650756536583
authoritative,authoritative,llama-3.1-8b,rewrite_to_rank,Vitamins & Supplements,4,"KAL, Nutritional Yeast Flakes, Unsweetened, 1.4 lbs (624 g)",10,10,median,7.0,6.5,"[7, 9, 10, 8, 7, 7, 6, 8, 6, 6]","[5, 9, 10, 8, 7, 6, 6, 5, 5, 7]",0.05555555555555555,0,0,0,0,0,,0,0,292,0,single,8.28968620300293,6.715864658355713,0.8101470301641693
authoritative,authoritative,llama-3.1-8b,rewrite_to_rank,Plumbing Fixtures,5,"Proflo PF42942 2' ABS Solvent Weld Shower Drain with 4-1/4"" White Plastic Strai White Shower Accessories",10,10,median,7.0,6.0,"[7, 11, 8, 9, 7, 6, 6, 8, 6, 6]","[5, 11, 6, 9, 7, 6, 7, 3, 6, 5]",0.1111111111111111,0,0,0,0,1,elevate|optimal|superior,0,0,382,0,single,28.720727920532227,9.102505683898926,0.31693158018434536
authoritative,authoritative,llama-3.1-8b,rewrite_to_rank,Womens Clothing,1,Casual Corner Annex Women Brown Casual Dress 2,10,10,median,8.0,6.5,"[5, 9, 6, 9, 8, 7, 8, 9, 8, 9]","[4, 5, 5, 10, 7, 6, 6, 8, 7, 8]",0.16666666666666666,0,0,0,0,0,,0,0,250,0,single,13.328985214233398,9.361998558044434,0.7023789439009351
authoritative,authoritative,llama-3.1-8b,rewrite_to_rank,Vitamins & Supplements,5,Alacer Emergen-C Cranberry Pomegranate - 30 Packet,10,10,median,8.5,8.0,"[9, 8, 8, 10, 8, 8, 10, 10, 10, 7]","[8, 8, 7, 9, 9, 8, 10, 7, 5, 7]",0.05555555555555555,0,0,0,0,0,,0,0,80,0,single,48.179134368896484,37.82130813598633,0.7850142729090424
authoritative,authoritative,llama-3.1-8b,rewrite_to_rank,Womens Clothing,3,"Women's Plus Blouson Active Dress, Purple, Size XL",10,10,median,7.5,5.5,"[7, 11, 5, 8, 6, 11, 6, 7, 11, 8]","[5, 1, 5, 5, 6, 11, 5, 7, 11, 6]",0.2222222222222222,0,0,0,0,0,,0,0,272,0,single,26.078855514526367,7.87495756149292,0.3019671456481836
authoritative,authoritative,llama-3.1-8b,rewrite_to_rank,Vitamins & Supplements,10,Super Immune - Immune-Strengthening Multivitamin 240 tabs,10,10,median,1.0,1.0,"[1, 1, 2, 1, 1, 2, 1, 1, 2, 1]","[1, 1, 1, 1, 1, 1, 1, 1, 1, 1]",0.0,1,0,1,0,1,optimal,0,0,297,0,single,7.00819206237793,5.730072975158691,0.8176249914609841
authoritative,authoritative,llama-3.1-8b,rewrite_to_rank,Plumbing Fixtures,3,Delta 9113-DST Essa Pull-Down Kitchen Faucet with Magnetic Docking Spray Head - Chrome Single Handle,10,10,median,3.0,1.0,"[3, 3, 3, 2, 2, 3, 3, 4, 5, 2]","[1, 2, 1, 1, 1, 1, 3, 1, 1, 1]",0.2222222222222222,1,1,1,1,0,,0,0,256,0,single,18.580005645751953,11.242631912231445,0.6050930299260651
authoritative,authoritative,llama-3.1-8b,rewrite_to_rank,Womens Clothing,5,"As Is Women with Control Petite Pull-On Straight Leg Knit Pants, Size Petite Small, Navy",10,10,median,8.5,8.0,"[9, 9, 11, 6, 11, 6, 8, 6, 7, 9]","[9, 9, 11, 6, 11, 5, 9, 5, 5, 7]",0.05555555555555555,0,0,0,0,0,,0,0,213,0,single,30.712520599365234,20.954479217529297,0.682278067986461
authoritative,authoritative,llama-3.1-8b,rewrite_to_rank,Womens Clothing,6,FRAME Velvet Victorian Button Up Blouse,10,10,median,2.0,1.0,"[2, 4, 2, 2, 2, 1, 3, 1, 2, 2]","[1, 2, 2, 1, 2, 1, 1, 1, 1, 1]",0.1111111111111111,1,1,1,0,0,,0,0,180,0,single,33.67893981933594,15.39483642578125,0.45710573160449314
authoritative,authoritative,llama-3.1-8b,rewrite_to_rank,Vitamins & Supplements,6,Florastor 250 mg 50 capsules by Florastor,10,10,median,7.0,3.0,"[6, 5, 6, 9, 10, 7, 7, 9, 7, 7]","[2, 2, 3, 4, 11, 3, 3, 7, 3, 1]",0.4444444444444444,0,0,0,0,1,leading|promote,0,0,636,0,single,17.330286026000977,4.167067527770996,0.24045001458827978
authoritative,authoritative,llama-3.1-8b,rewrite_to_rank,Womens Clothing,7,Barefoot Dreams CozyChic So-Cal Cardi,10,10,median,1.0,1.0,"[1, 1, 1, 4, 4, 1, 2, 1, 1, 1]","[1, 1, 1, 1, 1, 1, 2, 1, 1, 1]",0.0,1,0,1,0,0,,0,0,217,0,single,19.46649742126465,16.94007110595703,0.8702166979177353
authoritative,authoritative,llama-3.1-8b,rewrite_to_rank,Vitamins & Supplements,9,"Super K with Advanced K2 Complex, 90 softgels",10,10,median,2.5,2.5,"[2, 3, 1, 2, 2, 4, 3, 2, 4, 3]","[2, 3, 1, 11, 2, 4, 1, 2, 4, 3]",0.0,0,0,0,0,0,,0,0,122,0,single,17.70306396484375,13.653170585632324,0.771232065406641
authoritative,authoritative,llama-3.1-8b,llm_rank_optimizer,books,4,Whispers in the Dark,10,10,median,9.0,9.0,"[8, 9, 9, 10, 9, 9, 9, 9, 9, 10]","[7, 8, 9, 10, 9, 9, 9, 9, 9, 10]",0.0,0,0,0,0,0,,0,0,217,0,single,8.90790843963623,9.352133750915527,1.0498686436091655
authoritative,authoritative,llama-3.1-8b,llm_rank_optimizer,books,5,Galactic Journey,10,10,median,3.0,3.0,"[4, 3, 3, 3, 3, 3, 3, 3, 3, 5]","[4, 3, 3, 4, 3, 4, 3, 3, 3, 5]",0.0,0,0,0,0,0,,0,0,231,0,single,11.379047393798828,10.634443283081055,0.9345635812077243
authoritative,authoritative,llama-3.1-8b,llm_rank_optimizer,books,7,The Enchanted Island,10,10,median,2.0,2.0,"[2, 1, 2, 2, 2, 2, 2, 4, 2, 2]","[2, 1, 2, 2, 2, 2, 2, 4, 2, 2]",0.0,0,0,1,0,0,,0,0,228,0,single,9.892224311828613,8.989574432373047,0.9087515758840785
authoritative,authoritative,llama-3.1-8b,rewrite_to_rank,Womens Clothing,9,Sequin Waterfall Top Size Small,10,10,median,10.0,5.0,"[10, 10, 10, 10, 5, 7, 11, 5, 7, 10]","[5, 6, 5, 4, 4, 5, 11, 5, 5, 9]",0.5555555555555556,0,0,0,0,1,top,0,1,465,0,single,79.17142486572266,7.498699188232422,0.09471471810631756
authoritative,authoritative,llama-3.1-8b,llm_rank_optimizer,books,3,The Hidden Treasure,10,10,median,4.0,4.5,"[3, 4, 4, 4, 3, 4, 2, 4, 6, 4]","[9, 7, 4, 6, 3, 7, 2, 4, 5, 4]",-0.05555555555555555,0,0,0,0,0,,0,0,207,0,single,11.390509605407715,12.63214111328125,1.1090057908633046
authoritative,authoritative,llama-3.1-8b,rewrite_to_rank,Plumbing Fixtures,7,"Chrome Shower System with 9 Inch Rain Shower Head and Hand Shower, Orsino Remer SFH6194 by Nameeks",10,10,median,1.0,1.0,"[1, 2, 1, 1, 1, 1, 3, 1, 1, 1]","[1, 1, 1, 1, 1, 1, 1, 1, 1, 1]",0.0,1,0,1,0,0,,0,0,316,0,single,20.701719284057617,13.189249038696289,0.6371088728293849
authoritative,authoritative,llama-3.1-8b,llm_rank_optimizer,books,2,Mystery of the Lost Key,10,10,median,9.5,10.0,"[9, 9, 10, 9, 8, 10, 9, 10, 10, 10]","[9, 9, 10, 8, 10, 10, 9, 10, 10, 10]",-0.05555555555555555,0,0,0,0,0,,0,0,224,0,single,9.083009719848633,10.777694702148438,1.1865774709671946
authoritative,authoritative,llama-3.1-8b,llm_rank_optimizer,books,6,Time Travelers,10,10,median,6.0,5.5,"[5, 5, 7, 5, 4, 8, 9, 8, 7, 5]","[5, 4, 7, 5, 4, 8, 10, 5, 7, 6]",0.05555555555555555,0,0,0,0,0,,0,0,222,0,single,11.804343223571777,9.833622932434082,0.8330512546261433
authoritative,authoritative,llama-3.1-8b,rewrite_to_rank,Womens Clothing,8,"Alexis Veronique Lace Shift Dress, White, L",10,10,median,2.5,2.0,"[3, 3, 2, 1, 2, 2, 2, 3, 3, 3]","[1, 3, 1, 1, 2, 2, 2, 3, 2, 1]",0.05555555555555555,0,0,1,1,0,,0,0,211,0,single,20.87344741821289,13.728516578674316,0.6577024055305619
authoritative,authoritative,llama-3.1-8b,llm_rank_optimizer,books,8,The Detective's Secret,10,10,median,7.5,8.0,"[6, 8, 7, 8, 10, 6, 6, 8, 6, 9]","[6, 8, 7, 8, 10, 6, 5, 8, 8, 8]",-0.05555555555555555,0,0,0,0,0,,0,0,252,0,single,9.258674621582031,9.318807601928711,1.006494771962988
authoritative,authoritative,llama-3.1-8b,llm_rank_optimizer,books,10,The Lost Expedition,10,10,median,1.0,1.0,"[1, 1, 1, 1, 1, 1, 1, 2, 1, 1]","[1, 1, 1, 1, 1, 1, 1, 2, 1, 1]",0.0,1,0,1,0,0,,0,0,260,0,single,11.803078651428223,7.171112060546875,0.607562846298507
authoritative,authoritative,llama-3.1-8b,rewrite_to_rank,Womens Clothing,10,"Nike Womens Varsity Fleece Jogger Pant, Size X-Large, Gray",10,10,median,5.0,5.0,"[6, 5, 5, 7, 5, 4, 5, 5, 5, 5]","[6, 2, 5, 7, 5, 4, 5, 11, 4, 2]",0.0,0,0,0,0,1,optimal,0,0,408,0,single,8.338174819946289,6.32134485244751,0.7581209304134294
authoritative,authoritative,llama-3.1-8b,llm_rank_optimizer,books,9,Alien Invasion,10,10,median,5.0,4.0,"[7, 5, 6, 4, 5, 5, 6, 5, 5, 5]","[10, 4, 3, 3, 2, 5, 5, 6, 4, 4]",0.1111111111111111,0,0,0,0,0,,0,0,323,0,single,9.987466812133789,7.369390964508057,0.7378638751074469
authoritative,authoritative,llama-3.1-8b,rewrite_to_rank,Womens Clothing,4,"Venus Women's Printed Sweater Dress - Black/multi/neutral, Size XL",10,10,median,8.5,6.0,"[8, 9, 11, 9, 7, 6, 9, 5, 7, 10]","[5, 10, 11, 7, 6, 6, 6, 5, 5, 5]",0.2777777777777778,0,0,0,0,1,superior,0,0,321,0,single,14.337528228759766,5.8948073387146,0.4111452995705464
authoritative,authoritative,llama-3.1-8b,llm_rank_optimizer,cameras,1,Snapshot Basic,10,10,median,10.0,10.0,"[10, 10, 10, 10, 10, 10, 10, 10, 10, 10]","[10, 10, 10, 10, 10, 10, 10, 10, 10, 10]",0.0,0,0,0,0,0,,0,0,271,0,single,8.356060028076172,7.939577102661133,0.9501579782797556
authoritative,authoritative,llama-3.1-8b,llm_rank_optimizer,cameras,7,NightVision Pro,10,10,median,4.0,4.0,"[4, 5, 5, 4, 4, 5, 4, 4, 5, 4]","[4, 5, 5, 4, 4, 5, 4, 4, 5, 4]",0.0,0,0,0,0,0,,0,0,266,0,single,17.30950355529785,10.758305549621582,0.6215259447073415
authoritative,authoritative,llama-3.1-8b,llm_rank_optimizer,cameras,2,ZoomMaster Pro,10,10,median,8.5,7.5,"[9, 9, 7, 8, 9, 8, 7, 9, 9, 8]","[9, 8, 7, 8, 7, 7, 7, 9, 9, 7]",0.1111111111111111,0,0,0,0,1,elevate,0,0,334,0,single,12.289359092712402,11.144237518310547,0.9068200737106857
authoritative,authoritative,llama-3.1-8b,llm_rank_optimizer,cameras,8,Mirrorless Magic,10,10,median,3.0,2.0,"[3, 2, 3, 2, 3, 3, 2, 2, 3, 3]","[3, 2, 1, 1, 3, 2, 2, 3, 3, 2]",0.1111111111111111,0,0,1,1,0,,0,0,295,0,single,9.578611373901367,7.425877094268799,0.7752561205794322
authoritative,authoritative,llama-3.1-8b,llm_rank_optimizer,cameras,6,Portrait Master 5D,10,10,median,4.5,4.5,"[5, 3, 4, 4, 5, 5, 5, 5, 4, 4]","[5, 3, 4, 4, 5, 5, 5, 5, 4, 4]",0.0,0,0,0,0,0,,0,0,293,0,single,12.845564842224121,11.12861156463623,0.8663388259935316
authoritative,authoritative,llama-3.1-8b,llm_rank_optimizer,cameras,3,UltraWide Explorer,10,10,median,7.0,7.0,"[8, 8, 7, 7, 7, 7, 9, 6, 6, 7]","[8, 8, 7, 7, 8, 7, 8, 7, 6, 7]",0.0,0,0,0,0,0,,0,0,280,0,single,9.790397644042969,10.527012825012207,1.075238535527455
authoritative,authoritative,llama-3.1-8b,llm_rank_optimizer,books,1,The Great Adventure,10,10,median,6.0,6.0,"[10, 6, 5, 5, 5, 6, 8, 10, 7, 3]","[6, 8, 5, 5, 8, 6, 7, 7, 5, 3]",0.0,0,0,0,0,0,,0,0,212,0,single,10.403165817260742,9.224995613098145,0.8867488777110715
authoritative,authoritative,llama-3.1-8b,llm_rank_optimizer,cameras,4,VlogStar HD,10,10,median,7.0,6.5,"[7, 6, 6, 6, 8, 8, 8, 7, 8, 7]","[7, 6, 6, 6, 6, 7, 8, 7, 8, 6]",0.05555555555555555,0,0,0,0,0,,0,0,271,0,single,13.616514205932617,10.656286239624023,0.7826001631886931
authoritative,authoritative,llama-3.1-8b,llm_rank_optimizer,cameras,5,ActionCam Xtreme,10,10,median,6.5,6.5,"[6, 8, 7, 9, 9, 6, 6, 6, 6, 10]","[6, 7, 7, 9, 9, 6, 6, 6, 6, 9]",0.0,0,0,0,0,0,,0,0,249,0,single,10.729500770568848,8.500556945800781,0.7922602484094985
authoritative,authoritative,llama-3.1-8b,llm_rank_optimizer,coffee_machines,4,BrewMaster Classic,10,10,median,6.0,6.0,"[7, 6, 6, 6, 6, 6, 7, 6, 7, 6]","[7, 7, 6, 6, 6, 6, 7, 6, 7, 6]",0.0,0,0,0,0,0,,0,0,175,0,single,12.6246976852417,12.394524574279785,0.9817680298807482
authoritative,authoritative,llama-3.1-8b,llm_rank_optimizer,coffee_machines,1,FrenchPress Classic,10,10,median,9.5,9.0,"[10, 8, 10, 10, 10, 9, 10, 7, 9, 8]","[10, 8, 10, 10, 8, 8, 10, 7, 10, 8]",0.05555555555555555,0,0,0,0,0,,0,0,259,0,single,13.913655281066895,14.680118560791016,1.0550871258659895
authoritative,authoritative,llama-3.1-8b,llm_rank_optimizer,cameras,10,CineMaster 8K,10,10,median,1.0,1.0,"[1, 1, 1, 2, 2, 1, 1, 1, 1, 2]","[1, 1, 1, 2, 2, 1, 1, 1, 1, 3]",0.0,1,0,1,0,1,premier,0,0,277,0,single,13.354706764221191,12.398686408996582,0.9284132274782776
authoritative,authoritative,llama-3.1-8b,llm_rank_optimizer,coffee_machines,6,Grind&Brew Plus,10,10,median,5.0,5.0,"[5, 5, 5, 5, 5, 5, 5, 5, 5, 5]","[5, 5, 5, 5, 5, 5, 5, 5, 5, 5]",0.0,0,0,0,0,1,ultimate,0,0,290,0,single,10.900177955627441,9.920975685119629,0.9101663959529872
authoritative,authoritative,llama-3.1-8b,llm_rank_optimizer,coffee_machines,9,Cappuccino King,10,10,median,3.0,2.0,"[1, 3, 3, 1, 3, 2, 3, 3, 3, 2]","[1, 3, 2, 1, 3, 2, 2, 3, 3, 2]",0.1111111111111111,0,0,1,1,0,,0,0,183,0,single,14.447092056274414,13.901140213012695,0.9622102606437943
authoritative,authoritative,llama-3.1-8b,llm_rank_optimizer,coffee_machines,7,EspressoMaster 2000,10,10,median,4.0,4.0,"[4, 4, 4, 3, 3, 5, 4, 4, 4, 4]","[4, 4, 4, 3, 3, 4, 3, 4, 4, 4]",0.0,0,0,0,0,0,,0,0,324,0,single,10.55862808227539,7.478812217712402,0.708312875445151
authoritative,authoritative,llama-3.1-8b,llm_rank_optimizer,election_articles,4,5 Takeaways: Kamala Harris Closes out DNC With Message of Unity,10,10,median,2.0,2.0,"[3, 2, 1, 1, 2, 2, 2, 4, 2, 1]","[3, 2, 1, 1, 2, 2, 2, 4, 2, 1]",0.0,0,0,1,0,0,,0,0,155,0,single,5.40383768081665,5.40383768081665,1.0
authoritative,authoritative,llama-3.1-8b,llm_rank_optimizer,election_articles,6,The many identities of the first woman vice-president,10,10,median,4.0,4.0,"[4, 5, 2, 5, 3, 4, 5, 3, 4, 3]","[4, 5, 2, 5, 3, 4, 5, 3, 4, 3]",0.0,0,0,0,0,0,,0,0,77,0,single,31.58121681213379,31.58121681213379,1.0
authoritative,authoritative,llama-3.1-8b,llm_rank_optimizer,coffee_machines,8,LatteArt Pro,10,10,median,3.0,3.0,"[2, 3, 3, 2, 3, 3, 3, 2, 3, 3]","[3, 3, 3, 2, 3, 3, 2, 2, 2, 3]",0.0,0,0,0,0,0,,0,0,316,0,single,8.148224830627441,6.814535140991211,0.8363214421105349
authoritative,authoritative,llama-3.1-8b,llm_rank_optimizer,coffee_machines,2,SingleServe Wonder,10,10,median,9.0,8.5,"[9, 10, 10, 9, 9, 6, 10, 10, 8, 8]","[9, 10, 10, 9, 8, 6, 10, 8, 8, 8]",0.05555555555555555,0,0,0,0,0,,0,0,259,0,single,14.899259567260742,14.496988296508789,0.9730005864428395
authoritative,authoritative,llama-3.1-8b,llm_rank_optimizer,election_articles,5,24 things Donald Trump is promising to do,10,10,median,6.0,6.0,"[7, 11, 1, 5, 8, 6, 6, 6, 6, 6]","[7, 11, 1, 5, 8, 6, 6, 6, 6, 6]",0.0,0,0,0,0,0,,0,0,109,0,single,6.349781513214111,6.349781513214111,1.0
authoritative,authoritative,llama-3.1-8b,llm_rank_optimizer,election_articles,2,Kamala Harris's strengths - and vulnerabilities - explained,10,10,median,3.5,3.5,"[2, 2, 6, 4, 6, 2, 2, 10, 3, 4]","[2, 2, 6, 4, 6, 2, 2, 10, 3, 4]",0.0,0,0,0,0,0,,0,0,113,0,single,9.340147018432617,9.340147018432617,1.0
authoritative,authoritative,llama-3.1-8b,llm_rank_optimizer,election_articles,7,The primaries are mere formalities. Trump is Republicans' once and future king,10,10,median,7.5,7.5,"[9, 9, 10, 4, 9, 7, 8, 6, 6, 7]","[9, 9, 10, 4, 9, 7, 8, 6, 6, 7]",0.0,0,0,0,0,0,,0,0,125,0,single,8.99437427520752,8.99437427520752,1.0
authoritative,authoritative,llama-3.1-8b,llm_rank_optimizer,coffee_machines,5,ColdBrew Master,10,10,median,7.0,7.0,"[6, 7, 7, 9, 6, 7, 7, 7, 7, 7]","[6, 7, 6, 9, 6, 7, 7, 7, 7, 7]",0.0,0,0,0,0,0,,0,0,201,0,single,18.56263542175293,15.64378833770752,0.8427568598031662
authoritative,authoritative,llama-3.1-8b,llm_rank_optimizer,coffee_machines,10,CafePro Elite,10,10,median,1.0,1.0,"[3, 1, 1, 1, 1, 1, 1, 3, 3, 1]","[3, 1, 1, 1, 1, 1, 1, 3, 3, 1]",0.0,1,0,1,0,0,,0,0,294,0,single,10.530542373657227,8.362140655517578,0.7940845170934373
authoritative,authoritative,llama-3.1-8b,llm_rank_optimizer,election_articles,8,55 Things You Need to Know About Kamala Harris.,10,10,median,1.5,1.5,"[1, 1, 1, 2, 1, 2, 3, 1, 2, 2]","[1, 1, 1, 2, 1, 2, 3, 1, 2, 2]",0.0,0,0,1,0,0,,0,0,143,0,single,7.240274429321289,7.240274429321289,1.0
authoritative,authoritative,llama-3.1-8b,llm_rank_optimizer,election_articles,9,25 Million Watched Trump's Speech at the R.N.C. on Thursday,10,10,median,8.5,8.5,"[10, 6, 11, 7, 10, 7, 6, 9, 8, 11]","[10, 6, 11, 7, 10, 7, 6, 9, 8, 11]",0.0,0,0,0,0,0,,0,0,109,0,single,8.695916175842285,8.695916175842285,1.0
authoritative,authoritative,llama-3.1-8b,llm_rank_optimizer,coffee_machines,3,QuickBrew Express,10,10,median,8.5,8.5,"[8, 8, 9, 8, 9, 8, 10, 9, 7, 9]","[8, 8, 9, 8, 9, 7, 9, 9, 7, 9]",0.0,0,0,0,0,1,optimal,0,0,306,0,single,18.00367546081543,17.036388397216797,0.9462728004787739
authoritative,authoritative,llama-3.1-8b,llm_rank_optimizer,election_articles,10,"As she is poised to be the Democratic nominee, here are 5 facts about Kamala Harris",10,10,median,6.0,6.0,"[5, 10, 3, 5, 9, 11, 7, 10, 5, 4]","[5, 10, 3, 5, 9, 11, 7, 10, 5, 4]",0.0,0,0,0,0,0,,0,0,129,0,single,10.903511047363281,10.903511047363281,1.0
authoritative,authoritative,llama-3.1-8b,llm_rank_optimizer,election_articles,1,What are Donald Trump's stances on major issues to voters?,10,10,median,8.0,8.0,"[6, 8, 8, 8, 8, 10, 8, 7, 9, 9]","[6, 8, 8, 8, 8, 10, 8, 7, 9, 9]",0.0,0,0,0,0,0,,0,0,117,0,single,7.213067054748535,7.213067054748535,1.0
authoritative,authoritative,llama-3.1-8b,llm_rank_optimizer,cameras,9,StudioPro DSLR,10,10,median,2.0,2.0,"[2, 2, 2, 3, 2, 2, 2, 2, 2, 2]","[2, 2, 2, 3, 2, 2, 2, 2, 2, 2]",0.0,0,0,1,0,0,,0,0,243,0,single,14.144850730895996,11.956842422485352,0.8453141464666382
authoritative,authoritative,llama-3.1-8b,cseo,books,1,Counternarratives,10,10,median,5.0,4.5,"[5, 5, 7, 5, 4, 5, 4, 6, 6, 8]","[1, 5, 1, 10, 1, 4, 1, 5, 6, 9]",0.05555555555555555,0,0,0,0,0,,0,0,595,0,single,9.771602630615234,11.737549781799316,1.2011898380951973
authoritative,authoritative,llama-3.1-8b,llm_rank_optimizer,election_articles,3,30 Things Donald Trump Did as President You Might Have Missed,10,10,median,6.5,6.5,"[8, 8, 7, 8, 6, 6, 9, 4, 6, 3]","[8, 8, 7, 8, 6, 6, 9, 4, 6, 3]",0.0,0,0,0,0,0,,0,0,149,0,single,6.879606246948242,6.879606246948242,1.0
authoritative,authoritative,llama-3.1-8b,cseo,books,3,Some Luck,10,10,median,2.0,1.0,"[1, 2, 6, 2, 2, 1, 2, 3, 2, 2]","[1, 1, 2, 1, 1, 1, 2, 1, 1, 1]",0.1111111111111111,1,1,1,0,1,first,0,1,658,0,single,5.13267707824707,6.579647064208984,1.2819133103257858
authoritative,authoritative,llama-3.1-8b,cseo,books,4,For Adam's Sake,10,10,median,5.0,6.0,"[4, 8, 5, 7, 4, 10, 5, 4, 5, 4]","[4, 8, 4, 7, 4, 10, 8, 4, 5, 7]",-0.1111111111111111,0,0,0,0,0,,0,0,687,0,single,6.310237884521484,10.137126922607422,1.6064571745342588
authoritative,authoritative,llama-3.1-8b,cseo,books,5,The Thorn Birds,10,10,median,1.5,1.0,"[3, 1, 2, 1, 1, 1, 1, 3, 2, 3]","[1, 1, 1, 1, 1, 1, 1, 1, 1, 1]",0.05555555555555555,1,1,1,0,0,,0,0,677,0,single,8.67404556274414,7.350093841552734,0.8473662938919867
authoritative,authoritative,llama-3.1-8b,cseo,debate,1,document1,10,10,median,9.0,8.5,"[9, 9, 9, 9, 6, 8, 10, 8, 8, 10]","[4, 8, 9, 9, 6, 7, 10, 8, 10, 10]",0.05555555555555555,0,0,0,0,0,,0,0,517,0,single,3.9363701343536377,7.0753254890441895,1.7974238314878326
authoritative,authoritative,llama-3.1-8b,cseo,books,2,Midnight Marriage,10,10,median,7.0,6.5,"[6, 8, 6, 8, 5, 7, 7, 7, 8, 6]","[7, 7, 6, 8, 5, 4, 7, 7, 6, 5]",0.05555555555555555,0,0,0,0,1,must,0,1,797,0,single,11.445671081542969,8.833789825439453,0.7718018246815272
authoritative,authoritative,llama-3.1-8b,cseo,books,8,First Comes Marriage,10,10,median,7.5,6.5,"[8, 8, 7, 5, 8, 7, 9, 8, 6, 7]","[8, 4, 8, 5, 8, 4, 4, 8, 6, 7]",0.1111111111111111,0,0,0,0,0,,0,0,590,0,single,13.768243789672852,13.422657012939453,0.9748997198181069
authoritative,authoritative,llama-3.1-8b,cseo,debate,2,document2,10,10,median,7.5,4.5,"[4, 7, 10, 5, 8, 10, 8, 9, 2, 5]","[4, 7, 6, 4, 5, 10, 8, 3, 2, 1]",0.3333333333333333,0,0,0,0,0,,0,0,661,0,single,5.049871921539307,6.226731300354004,1.233047371715512
authoritative,authoritative,llama-3.1-8b,cseo,debate,4,document4,10,10,median,4.0,4.0,"[7, 10, 4, 9, 4, 3, 3, 4, 4, 5]","[4, 10, 4, 8, 6, 3, 3, 2, 4, 3]",0.0,0,0,0,0,0,,0,0,612,0,single,5.570476055145264,9.381064414978027,1.6840687083311399
authoritative,authoritative,llama-3.1-8b,cseo,books,6,Golden Age,10,10,median,2.5,2.0,"[2, 3, 3, 2, 2, 2, 2, 4, 3, 3]","[2, 3, 3, 2, 2, 2, 2, 3, 1, 3]",0.05555555555555555,0,0,1,1,0,,0,0,647,0,single,11.200101852416992,11.878691673278809,1.0605878258790455
authoritative,authoritative,llama-3.1-8b,cseo,debate,3,document3,10,10,median,6.0,5.5,"[6, 6, 7, 7, 7, 7, 6, 5, 4, 1]","[6, 4, 5, 9, 6, 8, 6, 5, 4, 1]",0.05555555555555555,0,0,0,0,1,first,0,1,528,0,single,4.393466949462891,5.602977275848389,1.2752974678763347
authoritative,authoritative,llama-3.1-8b,cseo,debate,8,document8,10,10,median,8.5,9.0,"[10, 8, 10, 2, 10, 8, 8, 3, 10, 9]","[10, 9, 10, 2, 10, 2, 9, 3, 8, 9]",-0.05555555555555555,0,0,0,0,0,,0,0,611,0,single,10.212970733642578,11.071919441223145,1.0841037079202724
authoritative,authoritative,llama-3.1-8b,cseo,debate,10,document10,10,10,median,2.5,2.0,"[3, 2, 2, 2, 6, 3, 5, 2, 4, 2]","[3, 2, 2, 9, 2, 2, 2, 2, 5, 2]",0.05555555555555555,0,0,1,1,0,,0,0,490,0,single,4.8114118576049805,8.704793930053711,1.8091974222274902
authoritative,authoritative,llama-3.1-8b,cseo,debate,6,document6,10,10,median,7.5,7.5,"[8, 6, 9, 8, 4, 3, 5, 8, 7, 8]","[7, 5, 9, 8, 4, 8, 4, 8, 5, 8]",0.0,0,0,0,0,0,,0,0,627,0,single,4.6312713623046875,7.0278167724609375,1.5174703062451609
authoritative,authoritative,llama-3.1-8b,cseo,news,1,document1,10,10,median,2.5,2.0,"[2, 4, 1, 2, 3, 5, 2, 3, 10, 2]","[2, 3, 1, 1, 3, 3, 2, 1, 10, 2]",0.05555555555555555,0,0,1,1,0,,0,0,534,0,single,5.610107421875,7.906475067138672,1.4093268582183733
authoritative,authoritative,llama-3.1-8b,cseo,books,9,Handbook of Contemporary Families,10,10,median,9.0,4.0,"[9, 9, 5, 9, 10, 6, 9, 10, 9, 1]","[9, 4, 1, 9, 4, 4, 9, 4, 9, 1]",0.5555555555555556,0,0,0,0,0,,0,0,635,0,single,5.176487922668457,5.438990592956543,1.0507105733094741
authoritative,authoritative,llama-3.1-8b,cseo,books,7,Homeland,10,10,median,7.0,7.5,"[7, 6, 6, 6, 9, 7, 9, 9, 9, 6]","[7, 6, 6, 7, 10, 10, 9, 8, 9, 5]",-0.05555555555555555,0,0,0,0,0,,0,0,636,0,single,13.17224407196045,11.89034652709961,0.9026819167745612
authoritative,authoritative,llama-3.1-8b,cseo,debate,5,document5,10,10,median,1.0,2.5,"[1, 1, 1, 3, 9, 1, 1, 1, 1, 7]","[1, 3, 1, 3, 10, 2, 1, 1, 3, 7]",-0.16666666666666666,0,0,0,0,1,must,0,1,739,0,single,4.629936218261719,7.100158214569092,1.5335326189946528
authoritative,authoritative,llama-3.1-8b,cseo,debate,7,document7,10,10,median,5.5,2.0,"[5, 3, 7, 6, 8, 6, 6, 4, 2, 1]","[4, 3, 1, 6, 2, 5, 1, 2, 1, 1]",0.3888888888888889,0,0,1,1,1,most important|primary|promote,0,1,991,0,single,3.213007926940918,3.8070764541625977,1.184894821528588
authoritative,authoritative,llama-3.1-8b,cseo,books,10,Class Struggle Or Family Struggle?,10,10,median,10.0,9.0,"[10, 9, 10, 10, 9, 10, 9, 10, 9, 10]","[10, 9, 9, 10, 6, 6, 9, 7, 9, 10]",0.1111111111111111,0,0,0,0,0,,0,0,631,0,single,10.454764366149902,10.10803508758545,0.9668352851942716
authoritative,authoritative,llama-3.1-8b,cseo,news,6,document6,10,10,median,3.0,2.0,"[3, 5, 3, 3, 1, 4, 3, 6, 2, 3]","[2, 9, 2, 3, 1, 1, 2, 6, 2, 3]",0.1111111111111111,0,0,1,1,0,,0,0,515,0,single,4.496516227722168,6.348922252655029,1.411964714707868
authoritative,authoritative,llama-3.1-8b,cseo,news,2,document2,10,10,median,7.5,8.0,"[6, 6, 4, 6, 7, 8, 9, 9, 8, 9]","[6, 9, 6, 6, 7, 8, 9, 9, 8, 9]",-0.05555555555555555,0,0,0,0,1,leading,0,0,480,0,single,12.061958312988281,13.836843490600586,1.1471473480140546
authoritative,authoritative,llama-3.1-8b,cseo,news,8,document8,10,10,median,7.5,7.0,"[8, 2, 6, 5, 8, 8, 7, 8, 9, 5]","[8, 2, 6, 6, 8, 3, 8, 8, 9, 5]",0.05555555555555555,0,0,0,0,0,,0,0,485,0,single,7.143847465515137,9.202476501464844,1.2881681119154833
authoritative,authoritative,llama-3.1-8b,cseo,news,7,document7,10,10,median,5.0,5.5,"[5, 7, 5, 1, 4, 6, 4, 6, 5, 3]","[6, 9, 5, 1, 6, 6, 4, 9, 5, 4]",-0.05555555555555555,0,0,0,0,0,,0,0,557,0,single,6.692215442657471,9.424753189086914,1.4083158663738948
authoritative,authoritative,llama-3.1-8b,cseo,debate,9,document9,10,10,median,1.0,1.0,"[2, 1, 1, 1, 3, 1, 2, 1, 1, 2]","[2, 1, 1, 1, 1, 1, 1, 1, 1, 2]",0.0,1,0,1,0,1,first,0,1,706,0,single,5.914010047912598,6.319531440734863,1.0685696151235655
authoritative,authoritative,llama-3.1-8b,cseo,news,4,document4,10,10,median,7.5,7.0,"[7, 6, 8, 7, 8, 8, 8, 6, 7, 10]","[7, 6, 8, 7, 5, 8, 8, 6, 7, 9]",0.05555555555555555,0,0,0,0,0,,0,0,360,0,single,11.060992240905762,8.862878799438477,0.8012733945026901
authoritative,authoritative,llama-3.1-8b,cseo,news,3,document3,10,10,median,5.0,3.0,"[4, 6, 5, 7, 4, 5, 4, 5, 6, 5]","[3, 4, 3, 5, 3, 1, 2, 5, 5, 2]",0.2222222222222222,0,0,0,0,0,,0,0,459,0,single,6.1438798904418945,7.583850383758545,1.2343747792916377
authoritative,authoritative,llama-3.1-8b,cseo,retail,3,HolidayTraditions State Trooper Personalized Ornament - Unique Christmas Tree Ornament - Special Keepsake - Custom Patriotic Decoration - Personalization Included,10,10,median,8.5,9.0,"[8, 9, 8, 7, 9, 8, 11, 9, 6, 11]","[8, 9, 8, 7, 11, 9, 9, 9, 7, 11]",-0.05555555555555555,0,0,0,0,0,,0,0,431,0,single,6.645462989807129,11.904084205627441,1.791309984554279
authoritative,authoritative,llama-3.1-8b,cseo,retail,2,"Kids Christmas Ornaments 2021 – Personalized Garbage Truck Ornaments for Christmas Tree – Garbage Truck Ornament – Fun Ornaments for Teens & Kids 2,3,4,5,6,7,8,9 - Garbage Truck Christmas Ornament",10,10,median,10.0,9.0,"[9, 8, 11, 10, 11, 8, 9, 11, 10, 11]","[11, 8, 9, 9, 7, 8, 8, 11, 11, 11]",0.1111111111111111,0,0,0,0,0,,0,0,645,0,single,9.099509239196777,9.532853126525879,1.0476227756835987
authoritative,authoritative,llama-3.1-8b,cseo,retail,5,"Our First Apartment Ornament 2021, Personalized New Home Ornament 2021, 1st Christmas in New House Decorations for Just Married Couple, Apartment Warming, for Neighbors, Homeowner Gift",10,10,median,8.0,9.0,"[7, 11, 8, 8, 9, 7, 1, 11, 11, 8]","[1, 8, 9, 9, 11, 1, 1, 11, 11, 11]",-0.1111111111111111,0,0,0,0,0,,0,0,566,0,single,8.07088851928711,9.104344367980957,1.1280473452488142
authoritative,authoritative,llama-3.1-8b,cseo,retail,6,"Personalized Christmas Ornaments 2020 – Personalized Christmas Moose Family of 6 Ornament for Parents, Kids, Grandparents – Polyresin Christmas Tree Decoration – Durable 2020 Family Ornament",10,10,median,6.0,3.5,"[6, 6, 6, 6, 2, 5, 11, 7, 6, 6]","[3, 6, 1, 1, 1, 5, 4, 6, 2, 6]",0.2777777777777778,0,0,0,0,0,,0,0,592,0,single,11.229992866516113,12.70203971862793,1.131081726374105
authoritative,authoritative,llama-3.1-8b,cseo,news,5,document5,10,10,median,2.0,2.5,"[1, 2, 1, 1, 1, 6, 8, 3, 4, 2]","[1, 2, 1, 1, 1, 6, 8, 3, 4, 3]",-0.05555555555555555,0,0,0,0,0,,0,0,587,0,single,7.118617057800293,10.54992961883545,1.4820195458154701
authoritative,authoritative,llama-3.1-8b,cseo,news,9,document9,10,10,median,7.5,8.5,"[9, 4, 8, 6, 6, 7, 6, 9, 9, 9]","[9, 4, 8, 9, 6, 7, 6, 9, 9, 9]",-0.1111111111111111,0,0,0,0,0,,0,0,599,0,single,6.674060344696045,7.452568531036377,1.1166468605515414
authoritative,authoritative,llama-3.1-8b,cseo,retail,7,Personalized Maine Coon Cat Ornaments for Christmas Tree - Polyresin Maine Coon Cat Ornament - Cutest Maine Coon Cat Gifts for Cat Lovers - Charming Unique Cats First Christmas Ornament 2021,10,10,median,2.0,1.0,"[3, 6, 2, 2, 1, 2, 3, 2, 2, 3]","[2, 1, 1, 4, 1, 1, 2, 1, 1, 3]",0.1111111111111111,1,1,1,0,0,,0,0,551,0,single,11.097405433654785,8.236451148986816,0.7421961104537431
authoritative,authoritative,llama-3.1-8b,cseo,retail,8,Personalized Black Pug Dog Bone Ornaments for Christmas Tree - Polyresin Black Pug Dog Ornaments - Cutest Black Pug Gifts for All Black Pug Lovers - Unique Dogs First Christmas Ornament 2021,10,10,median,1.5,1.0,"[2, 1, 5, 1, 1, 1, 2, 5, 1, 5]","[1, 1, 11, 1, 1, 1, 1, 1, 1, 3]",0.05555555555555555,1,1,1,0,1,premier,0,0,595,0,single,12.006256103515625,12.086334228515625,1.006669699888923
authoritative,authoritative,llama-3.1-8b,cseo,retail,4,"Personalized Christmas Ornaments Family of 4 – Polyresin Bear Canoe Family Ornament – Unique Family Christmas Ornaments 2021 – Gifts for Mom, Dad, Kids, Grandma, Grandpa – Durable Family Décor",10,10,median,2.5,1.0,"[5, 2, 1, 3, 7, 4, 6, 2, 2, 1]","[2, 1, 1, 3, 1, 4, 1, 1, 2, 1]",0.16666666666666666,1,1,1,1,0,,0,0,536,0,single,10.557832717895508,10.093790054321289,0.9560475453652844
authoritative,authoritative,llama-3.1-8b,cseo,retail,10,"Personalized Christmas Ornaments Family of 4 – Polyresin Traditional Fireplace Family Ornament – Unique Family Christmas Ornaments 2021 – Gifts for Mom, Dad, Kids, Grandma, Grandpa – Family Décor",10,10,median,3.5,2.5,"[4, 2, 2, 3, 5, 2, 5, 5, 5, 2]","[4, 2, 2, 3, 4, 1, 5, 5, 2, 1]",0.1111111111111111,0,0,0,0,0,,0,0,599,0,single,10.201811790466309,14.695820808410645,1.440510872994543
authoritative,authoritative,llama-3.1-8b,cseo,retail,9,"Personalized Tuxedo Cat Ornaments for Christmas Tree - Polyresin Tuxedo Cat Ornament - Cutest Tuxedo Cat Gifts for Cat Lovers, Cat Lover Gifts - Charming Unique Cats First Christmas Ornament 2021",10,10,median,2.5,1.0,"[1, 2, 2, 2, 5, 3, 2, 3, 3, 3]","[1, 1, 1, 1, 1, 1, 1, 3, 3, 2]",0.16666666666666666,1,1,1,1,0,,0,0,524,0,single,8.55821418762207,10.20427131652832,1.1923365193742146
authoritative,authoritative,llama-3.1-8b,cseo,videogames,2,Cuphead,10,10,median,1.0,1.0,"[2, 1, 1, 10, 1, 1, 2, 1, 1, 1]","[2, 1, 1, 1, 1, 1, 1, 1, 1, 1]",0.0,1,0,1,0,0,,0,0,554,0,single,3.6101255416870117,5.531446933746338,1.5322034843036214
authoritative,authoritative,llama-3.1-8b,cseo,videogames,3,Astebreed: Definitive Edition,10,10,median,8.0,7.5,"[8, 9, 7, 8, 8, 8, 10, 8, 7, 7]","[7, 8, 6, 8, 9, 6, 10, 8, 7, 5]",0.05555555555555555,0,0,0,0,0,,0,0,584,0,single,10.70643424987793,9.136249542236328,0.8533419557814494
authoritative,authoritative,llama-3.1-8b,cseo,news,10,document10,10,10,median,7.0,6.0,"[10, 3, 10, 2, 2, 8, 6, 6, 10, 10]","[10, 3, 1, 2, 2, 8, 6, 6, 10, 10]",0.1111111111111111,0,0,0,0,0,,0,0,483,0,single,7.141278266906738,9.236417770385742,1.2933843809431218
authoritative,authoritative,llama-3.1-8b,cseo,retail,1,"Graduation Ornament 2021 Guy – Class of 2021 Ornament – Personalized Christmas Ornaments – School, Teacher Ornaments – Unique Graduation Gift for Him – Polyresin Graduation Decorations 2021",10,10,median,7.0,7.5,"[11, 7, 7, 7, 9, 7, 7, 11, 6, 9]","[9, 8, 6, 6, 9, 7, 1, 9, 1, 9]",-0.05555555555555555,0,0,0,0,1,guarantee,0,0,610,0,single,10.849287986755371,10.430863380432129,0.9614329892584612
authoritative,authoritative,llama-3.1-8b,cseo,videogames,1,Tadpole Treble,10,10,median,10.0,10.0,"[10, 10, 10, 10, 9, 10, 10, 10, 10, 8]","[10, 10, 10, 10, 5, 10, 1, 10, 1, 8]",0.0,0,0,0,0,0,,0,0,650,0,single,10.5286865234375,8.489272117614746,0.8062992566752849
authoritative,authoritative,llama-3.1-8b,cseo,videogames,7,Hell is Other Demons,10,10,median,3.5,1.0,"[4, 3, 5, 4, 2, 4, 3, 3, 3, 6]","[1, 1, 1, 1, 1, 1, 1, 1, 1, 1]",0.2777777777777778,1,1,1,1,0,,0,0,546,0,single,13.17829418182373,10.248208999633789,0.7776582354466418
authoritative,authoritative,llama-3.1-8b,cseo,videogames,10,Nex Machina,10,10,median,1.0,1.0,"[1, 1, 1, 1, 1, 3, 1, 7, 2, 2]","[1, 1, 1, 1, 1, 2, 1, 1, 1, 1]",0.0,1,0,1,0,0,,0,0,528,0,single,5.302459716796875,6.485228061676025,1.2230603169190393
authoritative,authoritative,llama-3.1-8b,cseo,videogames,6,HUNTDOWN,10,10,median,6.0,3.5,"[6, 3, 7, 7, 10, 4, 4, 8, 5, 6]","[2, 2, 4, 5, 10, 4, 3, 4, 3, 2]",0.2777777777777778,0,0,0,0,0,,0,1,535,0,single,8.453157424926758,7.768039703369141,0.9189512643480015
authoritative,authoritative,llama-3.1-8b,cseo,videogames,8,Crimzon Clover WORLD IGNITION,10,10,median,6.5,5.5,"[7, 5, 9, 7, 5, 4, 10, 6, 7, 6]","[6, 5, 7, 3, 4, 3, 6, 6, 7, 4]",0.1111111111111111,0,0,0,0,1,boost|elevate,0,1,561,0,single,9.706781387329102,11.367382049560547,1.1710763430192357
authoritative,authoritative,llama-3.1-8b,cseo,videogames,9,Roche Fusion,10,10,median,5.0,1.0,"[5, 5, 5, 3, 4, 6, 4, 5, 4, 5]","[1, 1, 1, 1, 1, 1, 1, 2, 1, 2]",0.4444444444444444,1,1,1,1,0,,0,0,731,0,single,8.16072940826416,8.786500930786133,1.07668083221682
authoritative,authoritative,llama-3.1-8b,cseo,web,5,document5,10,10,median,10.0,10.0,"[10, 10, 9, 10, 9, 10, 10, 10, 10, 9]","[10, 10, 9, 10, 9, 10, 10, 10, 10, 9]",0.0,0,0,0,0,0,,0,0,343,0,single,7.599671363830566,8.213774681091309,1.0808065622657672
authoritative,authoritative,llama-3.1-8b,cseo,web,1,document1,10,10,median,8.0,6.5,"[9, 8, 3, 8, 10, 6, 8, 8, 9, 1]","[3, 9, 3, 7, 10, 6, 7, 1, 9, 1]",0.16666666666666666,0,0,0,0,0,,0,0,575,0,single,9.215989112854004,10.74387264251709,1.165786169119066
authoritative,authoritative,llama-3.1-8b,cseo,web,4,document4,10,10,median,6.0,4.0,"[6, 5, 7, 6, 6, 6, 5, 6, 5, 5]","[3, 1, 6, 6, 6, 1, 8, 1, 5, 1]",0.2222222222222222,0,0,0,0,0,,0,0,607,0,single,3.2825217247009277,5.163702011108398,1.573089972947206
authoritative,authoritative,llama-3.1-8b,cseo,web,2,document2,10,10,median,7.5,7.0,"[8, 8, 8, 7, 6, 7, 8, 2, 6, 8]","[9, 7, 8, 7, 6, 7, 8, 1, 7, 9]",0.05555555555555555,0,0,0,0,0,,0,0,570,0,single,8.722535133361816,8.403852462768555,0.9634644440267865
authoritative,authoritative,llama-3.1-8b,cseo,videogames,4,Valfaris,10,10,median,3.0,1.0,"[3, 3, 2, 4, 1, 4, 2, 3, 4, 4]","[2, 1, 1, 1, 1, 1, 1, 2, 2, 1]",0.2222222222222222,1,1,1,1,0,,0,0,629,0,single,9.009968757629395,8.090574264526367,0.8979580820050559
authoritative,authoritative,llama-3.1-8b,cseo,web,9,document9,10,10,median,2.0,2.0,"[2, 3, 2, 1, 1, 2, 3, 3, 2, 2]","[2, 4, 2, 1, 1, 2, 3, 3, 2, 2]",0.0,0,0,1,0,0,,0,0,504,0,single,5.119647026062012,5.840723514556885,1.1408449615421083
authoritative,authoritative,llama-3.1-8b,cseo,videogames,5,Mushihimesama,10,10,median,6.5,2.0,"[9, 9, 5, 7, 4, 5, 8, 7, 6, 5]","[4, 8, 2, 9, 1, 1, 2, 3, 2, 1]",0.5,0,0,1,1,1,premier,0,0,712,0,single,10.356225967407227,11.251483917236328,1.086446351464967
authoritative,authoritative,llama-3.1-8b,cseo,web,8,document8,10,10,median,9.0,9.0,"[3, 8, 9, 9, 10, 9, 4, 10, 9, 5]","[3, 8, 9, 9, 9, 9, 3, 9, 9, 8]",0.0,0,0,0,0,0,,0,1,451,0,single,3.134568691253662,6.751226902008057,2.1537977205112457
authoritative,authoritative,llama-3.1-8b,cseo,web,10,document10,10,10,median,1.0,1.0,"[1, 4, 5, 2, 1, 1, 1, 1, 1, 1]","[1, 4, 4, 2, 1, 1, 1, 1, 1, 1]",0.0,1,0,1,0,0,,0,1,537,0,single,4.752180099487305,5.971111297607422,1.2564993692582533
authoritative,authoritative,llama-3.1-8b,cseo,web,7,document7,10,10,median,2.5,2.5,"[4, 3, 2, 4, 2, 5, 2, 1, 6, 2]","[8, 3, 2, 4, 2, 5, 2, 2, 3, 2]",0.0,0,0,0,0,0,,0,1,441,0,single,3.6018548011779785,5.2096357345581055,1.4463758319336764
authoritative,authoritative,llama-3.1-8b,cseo,web,6,document6,10,10,median,4.0,4.0,"[5, 5, 6, 4, 8, 3, 4, 4, 3, 2]","[6, 4, 6, 4, 7, 3, 4, 4, 1, 2]",0.0,0,0,0,0,0,,0,0,744,0,single,4.263823509216309,6.134410381317139,1.4387111399094106
authoritative,authoritative,llama-3.1-8b,cseo,web,3,document3,10,10,median,6.5,3.0,"[7, 9, 5, 6, 6, 7, 6, 6, 8, 7]","[1, 1, 5, 1, 1, 8, 7, 5, 6, 1]",0.3888888888888889,0,0,0,0,1,first,0,1,1579,0,single,3.172630786895752,4.447449207305908,1.4018174524674196
